COUNTY,COURT CODE,COURT NAME,ADDRESS,PHONE,FAX,JUDGE,CT ADMIN,COURT DAYS,OFFICE HOURS,
MONMOUTH,1330,ABERDEEN TWP MUNICIPAL COURT,1 ABERDEEN SQ ABERDEEN NJ 07747,732-583-4200,7325665912,"MICHAEL CELLI,JR",MICHELE T WIECZORECK,EVERY WEDNESDAY,8:30AM - 4:30PM,
ATLANTIC,101,ABSECON MUNICIPAL COURT,500 MILL ROAD ABSECON NJ 08201,609-641-0663,6096418456,JOHN H ROSENBERGER,MERRILEE CARLSON,MINDAYS,8:30AM - 4:30PM,
HUNTERDON,1001,ALEXANDRIA TWP MUNICIPAL COURT,ONE MUNICIPAL DR FLEMINGTON NJ 0882,908-782-8818,9088066478,CHARLES E. CARRO,BIANCA WATKING,,8:30AM - 4:30PM,
WARREN,2101,ALLAMUCHA TWP MUNICIPAL COURT,BOX A ALPHANO RD ALLAMUCHY NJ 07820,908-852-6667,9088520129,LOUIS MELLINGER,DAWN DWCKER,1ST AND 3RD TUESDAY,MON-THURS 9:00AM-2:00PM,
BERGEN,201,ALLENDALE BORO MUNICIPAL COURT,333 WARRREN AVE HO-HO-KUS NJ 07423,201-652-0699,2018251913,HARRY D NORTON,ROSEMARIE NOVELLI,3RD TUESDAY,MON-FRI 9:00A-4:00P CLOSED 1-2,
MONMOUTH,1301,ALLENHURST BORO MUNICIPAL CT,701 MAIN ST. BRADLEY BEACH NJ 07720,732-776-2999,7328975813,PAUL CAPOTORTO,PATRICIA MEGILL,VIRTUAL;OCT-APR:1 TUES; MAY-SEPT:2 TUESDAYS PER MON,MON - FRI 8:30AM-4:00PM,
MONMOUTH,1302,ALLENTOWN MUNICIPAL COURT,314 ROUTE 539 CREAM RIDGE NJ 08514,609-758-0262,6097585630,"SCOTT J BASEN, ESQ","KAREN SPICUZZA, CMCA",1ST & 3RD THURSDAY EACH MONTH,CALL FOR HOURS,
SALEM,1701,ALLOWAY TWP MUNICIPAL,1180 ROUTE 40 PILESGROVE NJ 08098,856-769-1275,8569352993,NICHOLAS T LACOVARA,DEBRA A. SCOTT,,M/TH 9AM-1PM T/W 9AM-3PM,
WARREN,2102,ALPHA BORO MUNICIPAL COURT,1001 EAST BLVD ALPHA NJ 08865,908-454-3211,9084544083,GERARD SHAMEY,LAURI KAULIUS,4TH WEDNESDAY,"COURT AT-1001 E.BLVD, ALPHA,NJ",
BERGEN,202,ALPINE BORO MUNICIPAL COURT,100 CHURCH ST ALPINE NJ 07620,201-768-6866,2017841407,ROBERT J COHAN,DAWN CURATOLA,2ND THURSDAY,TUES & THURS 4:30PM - 6:30PM,
SUSSEX,1902,ANDOVER JOINT MUNICIPAL COURT,134 NEWTON-SPARTA RD NEWTON NJ 07860,973-306-0688,9733836328,JAMES G DEVINE,MICHAEL ALLATTA,"2ND,3RD,4TH WEDNESDAY",MON - FRI 8:00AM - 4:00PM,
MONMOUTH,1303,ASBURY PARK MUNICIPAL COURT,ONE MUNICIPAL PLAZA ASBURY PARK NJ 07712,732-775-1765,7329886935,RONALD J TROPPOLI,JOANNE N PILLIOD,EVERY FRIDAY,8:00 AM - 4:00 PM,
MONMOUTH,1305,ATL HIGHLANDS MUNICIPAL COURT,100 FIRST AVE ATL HIGHLNDS NJ 07716,732-291-3225,7322913100,RICHARD C LEAHEY JR,JANICE SWAGGERTY,2ND & 4TH TUESDAYS,MON - FRI 8:30AM - 4:30PM,
ATLANTIC,102,ATLANTIC CITY MUNICIPAL COURT,2715 ATLANTIC AVENUE ATLANTIC CITY NJ 08401,609-347-5560,6093475450,BILLIE J MOORE CJMC,GINA Y HOLMES,MONDAY-THURSDAY,8:30AM - 6:00PM,
ATLANTIC,180,ATLANTIC COUNTY CENTRAL MC,5905 MAIN STREET MAYS LANDING NJ 08330,609-909-5999,6099095992,IMOTHY P MAGUIRE,ANTOINETTE TUMMON,MODAY-FRIDAY,MON - FRI 8:30AM - 4:30PM,
CAMDEN,401,AUDUBON BORO MUNICIPAL COURT,606 W. NICHOLSON RD. AUDUBON NJ 0816,856-547-0712,,CHARLES SHIMBERG,JEAN L PHILLIPS,COURT HELD MONDAYS @ 9:00 AM VIRTUAL & IN PERSON,9:00 AM - 4:00 PM M-F,
CAMDEN,402,AUDUBON PARK BORO COURT,135 HADDON AVE HADDON TWP NJ 07108,856-854-1176,8568588335,ROBERT A. GLEANER,LAURA DONOHUE,,8:30AM - 4:00PM M-F,
CAPE MAY,501,AVALON MUNICIPAL COURT,3100 DUNE DRIVE AVALON,609-967-4457,6099675659,ANDREW J CAFIERO,WENDY TORRONI,MONDAYS,8:30AM - 4:00PM,
MONMOUTH,1306,AVON-BY-THE-SEA MUNICIPAL CT,701 MAIN ST BRADLEY BEACH NJ 07720,732-776-2999,7328975813,PAUL J CAPOTORTO,PATRICIA MEGILL,"VIRTUAL, ONE TUESDAY PER MONTH",MON - FRI 8:30AM - 4:00PM,
OCEAN,1501,BARNEGAT LIGHT MUNICIPAL COURT,PO BOX 966 BARNEGT LIGHT NJ 08006,609-361-6661,6094947337,DAMIAN G. MURRAY,MAUREEN DANIELS,1ST WEDNESDAY,MON & THURS 4PM - 6PM,
OCEAN,1533,BARNEGAT TOWNSHIP MUNICIPAL CO,900 WEST BAY AVE BARNEGAT NJ 08008,609-698-0080,6096988746,PHILIP M MILLER,LAUREN L. ROMANO,"2ND,3RD,4TH WEDNESDAYS",8:30AM - 4:30PM,
CAMDEN,403,BARRINGTON MUNICIPAL COURT,500 WHITE HORSE PIKE,856-858-0074,8568540180,KRISDEN MCCRINK,DAWN ABATE-HIRST,2ND & 4TH WEDNESDAY,"MON-THUR 8AM-4PM, FRI 8AM-12PM",
BURLINGTON,301,BASS RIVER MUNICIPAL COURT,PO BOX 214 NEW GRETNA NJ 08224,609-296-1410,6092960193,ADOLPH P SICHERI,PEGGY BECK,ST & 3RD MONDAY,MON - FRI 9:00AM-4:00PM,
OCEAN,1502,BAY HEAD BORO MUNICIPAL COURT,83 BRIDGE AVE. BAY HEAD NJ 08742,732-892-4737,7328996494,JAMES J GLUCK,TRACEY E. MCCRYSTAL,1ST THURSDAY,WED - 4:30PM - 6:30PM,
HUDSON,901,BAYONNE CITY MUNICIPAL COURT,630 AVENUE. C. BAYONNE,201-858-6934,2018586962,CHERYL CASHMAN,CHRISTIE GONZALEZ (ACTING,"MONDAY, TUESDAY, THURSDAY",MON - FRI 8:30AM - 4:00PM,
OCEAN,1503,BEACH HAVEN BORO MUNICIPAL CT,300 ENGLESIDE A VENUE BEACH HAVEN NJ 08008,609-492-0111,6094926262,STACEY KERR,LAUREN SASSANO,OCT-JUN 1ST MONDAY; JUL-SEPT 1ST AND 3RD MONDAY,MON - FRI 9AM - 4PM,
OCEAN,1504,BEACHWOOD MUNICIPAL COURT,1600 PINEWALD ROAD BEACHWOOD,732-286-6000,7323498390,"JAMES GLUCK, JMC",SANDRA KLUMB,2ND AND 4TH TUESDAYS,8:00AM - 4:00PM M-F,
SOMERSET,1801,BEDMINSTER TWP MUNICIPAL CT,45 MILLER LANE BEDMINSTER NJ 07921,908-212-7020,9082127006,KATHERINE E HOWES,TERESA N VAN ALLEN,TUESDAYS AND THURSDAYS,9:00 AM - 4:00 PM,
ESSEX,701,BELLEVILLE TWP MUNICIPAL COURT,152 WASHINTON AVE BELLEVILLE NJ 07109,973-450-3319,9734500935,JOSEPH C ANGELO,YARA A BOSSOLT,EVERY OTHER WEDNESDAY; EVERY THURSDAY,8:00AM - 3:30PM,
CAMDEN,404,BELLMAWR MUNICIPAL COURT,21 E. BROWNING RD. BELLMAWE NJ 08099,856-931-1081,8569318935,N RYAN TRABOSH,AMANDA CUBBLER,2ND & 3RD THURSDAY,8:30AM - 4:00PM M-F,
MONMOUTH,1307,BELMAR BORO MUNICIPAL COURT,601 MAIN STREET BELMAR,848-220-9620,7326814728,DENNIS LAVENDER,PATRICIA WHITE,OCT-JUN:1ST & 3RD WED; JUL-SEPT:EVERY WEDNESDAY,9:00 AM - 4:30 PM,
WARREN,2103,BELVIDERE TOWN MUNICIPAL COURT,691 WATER STREET BEL VIDERE,908-475-5331,9084752738,NICOLE N LENAR,DAWN M DECKER,"1ST,2ND AND 4TH THURSDAY",MON - FRI 9:00A - 4:30P,
BERGEN,203,BERGENFIELD MUNICIPAL COURT,198 N WASHINGTON A VE BERGENFIELD NJ 07621,201-387-4055,2013877373,FRANKLIN MONTERO,KIM GRIMALDI-THIBAULT,2ND THURSDAY,9:00 AM - 4:00 PM,
UNION,2001,BERKELEY HEIGHTS COURT,360 ELKWOOD AVENUE NEW PROVIDENCE NJ 07974,908-743-1055,9086659873,JOHN DEMASSI,MACRINA CARRA,THURSDAY (2 TIMES PER MONTH,8:30 AM - 4:00 PM,
OCEAN,1505,BERKELEY TWP MUNICIPAL COURT,631 PINEWALD KESWICK BAYVILLE NJ 08721,732-240-6661,7322400984,JAMES J. GLUCK,JESSIE CAMPOREALE,"1ST,2ND,3RD MONDAYS",8:00AM - 4:00PM M-F,
CAMDEN,405,BERLIN BORO MUNICIPAL COURT,59 S WHITE HORSE PK BERLIN NJ 08009,856-767-1721,8567678955,KRISDEN MCCRINK,KELLY J. FOSTER,"1ST, 2ND, & 3RD MONDAY",8:30 AM - 4:30 PM M-F,
CAMDEN,406,BERLIN TWP MUNICIPAL COURT,135 ROUTE 73 SOUTH WEST BERLIN NJ 08091,856-767-2533,8567679337,N. RYAN TRABOSH,MARIA F REED,2ND & 4TH THURSDAY,9:00AM - 4:00PM M-F,
SOMERSET,1802,BERNARDS TWP MUNICIPAL COURT,45 MILLER LANE BEDMINSTER NJ 07921,908-212-7020,9082127006,KATHERINE E HOWES,TERESA VAN ALLEN,TUESDAYS AND THURSDAYS,MON - FRI 9:00AM - 4:00PM,
SOMERSET,1803,BERNARDSVILLE BORO COURT,45 MILLER LANE BEDMINSTER NJ 07921,908-212-7020,9082127006,KATHERINE E HOWES,TERESA N. VAN ALLEN,TUESDAYS AND THURSDAYS,9:00 AM - 4:00 PM,
HUNTERDON,1002,BETHLEHEM TWP MUNICIPAL COURT,405 MINE RD ASBURY NJ 08802,908-735-4559,9087359406,ROBERT L. ALEXANDER,DONNA SURDICH,2ND & 4TH TUESDAY,8:30AM -3:30PM MON - FRI,
BURLINGTON,302,BEVERLY CITY MUNICIPAL COURT,446 BROAD ST BEVERLY NJ 08010,609-387-1881,6093861351,PETER C LANGE JR.,DONNA S. WOJCULEWSKI,2ND & 4TH THURSDAY,MON-FRI 8:00AM - 5:00PM,
WARREN,2104,BLAIRSTOWN TWP MUNICIPAL COURT,151 US HWY 206 AUGUSTA NJ 07822,973-948-4045,,JAMES G DEVINE,SUZANNE M OAKLEY,4TH THURSDAY EACH MONTH,MON - FRI 9:00AM - 3:30PM,
ESSEX,702,BLOOMFIELD TWP MUNICIPAL COURT,MUNICIPALE BLOOMFIELD NJ 07003,973-680-4078,9736804082,WILFREDO BENITEZ,CLAUDIA SANTOS,"MONDAY, WEDNESDAY, THURSDAY",9:00 AM - 4:00 PM,
PASSAIC,1601,BLOOMINGDALE MUNICIPAL COURT,101 HAMBURG TPKE BLOOMINGDALE NJ 07403,973-838-0127,,DANA D'ANGELO,LACHELLE LENOIR,"1ST,3RD,5TH WEDNESDAYS",MON-FRI 8:00AM - 4:00PM,
BERGEN,204,BOGOTA BORO MUNICIPAL COURT,215-217 LIBERTY ST LITTLE FERRY NJ 07643,201-440-2111,2014404046,JARED GEIST,DEBORAH BROTHERS,,MON-FRI 9:00AM - 4:00PM,
MORRIS,1401,BOONTON MUNICIPAL COURT,3333 RT 46 PARSIPPANY,973-263-4290,9734025641,ANDREW M WUBBENHORST,ALVARO LEAL ACTING,TUESDAYS,9:00 AM - 4:00 PM,
MORRIS,1402,BOONTON TWP MUNICIPAL COURT,155 POWERVILLE RD BOONTON TWSP NJ 07005,973-402-4006,9734024013,ANDREW M WUBBEHORST,JOAN EGAN,2ND WEDNESDAY,"MON,WED 9:30-11:30AM",
BURLINGTON,303,BORDENTOWN CITY MUNICIPAL CT,204 WASHINGTON ST. FIELDSBORO NJ 08505,609-298-1616,6092981218,"PETER LANGE, JMC",SARAH HOFFMAN,2ND & 4TH TUESDAY,PART-TIME/CALL FOR HOURS,
BURLINGTON,304,BORDENTOWN TWP MUNICIPAL COURT,1 MUNICIPAL DR. BORDENTOWN NJ 08505,609-298-2802,6092919324,JOSEPH P MONTALTO,"SARAH HOFFMAN, CMCA",WEDNESDAY,"M-TH 9AM-4PM,F-9AM-12PM",
BERGEN,252,RIVER EDGE BORO MUNICIPAL CT,705 KINDERKAMACK RD RIVER EDGE NJ 07661,201-599-6310,2012621935,GIUSEPPE C RANDAZZO,NOREEN PATORAY,2ND & 4TH TUESDAY,MON-FRI 9:00AM - 3:00PM,
BERGEN,225,HASBROUCK HTS MUNICIPAL COURT,248 HAMILTON A VENU HASBROUCK HTS NJ 07604,201-288-4004,2012880939,JOSEPH JONES,SUSAN PAUL,EVERY WEDNESDAY,9:00AM - 3:00PM,
HUDSON,909,SECAUCUS TOWN MUNICIPAL COURT,1203 PATERSON PLANK SECAUCUS NJ 07094,201-330-2056,2013199024,KAREN BOYLAN,MARY MARTELL,COURT SESSIONS TUES & WED - 10AM & 1PM,9:00AM - 4:00PM,
HUDSON,908,NORTH BERGEN MUNICIPAL COURT,4225 BERGEN TURNPIKE NORTH BERGEN NJ 07047,201-392-2088,2013307299,JAMES A. COVIELLO,HEATHER D LUZZI-MILLER,MONDAY-THURSDAY,9:00AM - 3:30PM,
CAMDEN,426,OAKLYN BOROUGH MUNICIPAL COURT,500 WHITE HORSE PIKE OAKLYN NJ 08107,856-858-0074,2013374662,KRISDEN MCCRINK,DAWN ABATE-HIRST,1ST & 3RD WEDNESDAY,"M-TH 8AM-4PM,FRI 8AM-12PM",
BERGEN,253,RIVER VALE TWP MUNICIPAL COURT,406 RIVERVALE RD RIVER VALE NJ 07675,201-664-2346,2013587757,E.MICHAEL GARRETT,KATHERINE M VIGER,1ST & 3RD TUESDAY,CALL OFFICE FOR HOURS,
BERGEN,210,DUMONT BORO MUNICIPAL COURT,50 WASHINGTON AVE DUMONT NJ 07628,201-387-5032,2013875061,HARRY STYLIANOU,GLENDA HICKEY,2ND AND 4TH MONDAY TENAFLY,9:00 AM - 4:30 PM,
HUDSON,905,HOBOKEN CITY MUNICIPAL COURT,100 NEWARK STREET HOBOKEN NJ 07030,201-420-2123,2014202138,CATALDO FAZIO,KERRI AZZOLINE,"TUESDAY, WEDNESDAY, THURSDAY","9:AM-4PM, PAYMENTS 8AM-3:30PM",
BERGEN,212,EAST RUTHERFORD BORO COURT,117 STANLEY ST EAST RUTHERFORD NJ 07073,201-438-0169,2014388212,GEORGE O SAVINO,MARGARET M STUISO,EVERY WEDNESDAY,9:00 AM - 3:30 PM,
BERGEN,230,LITTLE FERRY BORO MUNICIPAL CT,215.217 LIBERTY ST LITTLE FERRY NJ 07643,201-440-2111,2014402221,GIUSEPPE C RANDA.O,DEBORAH BROTHERS,1ST & 3RD MONDAY,MON - FRI 9:00AM-4:00PM,
BERGEN,249,RIDGEFIELD BORO MUNICIPAL CT,604 BROAD AVE RIDGEFIELD BORO NJ 07657,201-943-7155,2014403309,BENJAMIN B CHOI,JASNA GEGA,1ST & 3RD TUESDAY,MON-FRI 8:00AM - 3:30PM,
HUDSON,906,JERSEY CITY MUNICIPAL COURT,365 SUMMIT AVENUE JERSEY CIRY NJ 07306,201-209-6700,2014590951,CHIEF JUDGE RAMY A. EID,WENDY WALKER,MONDAY-FRIDAY,M-TH 8:30A-7:30P F 8:30A-4:30P,
BERGEN,254,ROCHELLE PARK MUNICIPAL COURT,151 W PASSAIC ST ROCHELLE PK NJ 07662,201-556-1053,2015560759,CHRISTOPHER ERRANTE,CYNTHIA A. HOLMES,2ND & 4TH WEDNESDAY,MON - FRI 9:00AM - 4:00PM,
BERGEN,219,FORT LEE MUNICIPAL COURT,309 MAIN ST FORT LEE NJ 07024,201-592-3500,2015851232,MATTHEW J. FIERRO,JUNE C KEELEN,"TUESDAY, WEDNESDAY AND THURSDAY",MON-FRI 8:30AM - 4:00PM,
BERGEN,229,LEONIA MUNICIPAL COURT,PAYMENT: 312 BROAD LEONIA NJ 07605,201-592-5780,2015925767,BENJAMIN CHOI,CHERRON GIL,1ST & 3RD MONDAY,9:00AM - 4:00PM,
BERGEN,228,HO-HO-KUS BORO MUNICIPAL CT,333 WARRREN AVE HO-HO-KUS NJ 07423,201-652-0699,2016128734,HARRY D NORTON,ROSEMARIE NOVELLI,1ST WEDNESDAY,MON-FRI 9:00A-4:00P CLOSED 1-2,
BERGEN,267,WESTWOOD BORO MUNICIPAL COURT,101 WASHINGTON AVE WESTWOOD NJ 07675,201-666-8510,2016668561,CATALDO F FAZIO,LETITIA CANDELORO,1ST & 3RD WEDNESDAY,MON - FRI 8:30AM - 3:00PM,
BERGEN,270,WYCKOFF TWP MUNICIPAL COURT,1 SCOTT PLAZA WYCKOFF NJ 07481,201-670-3950,2016703963,RUSSEL B TESCHON,KIMBERLY MCWILLIAMS,1ST/3RD WEDNESDAY @ WYCKOFF,9:00 AM - 4:00 PM,
BERGEN,251,RIDGEWOOD VILLAGE MUNICIPAL CT,131 N MAPLE AVE RIDGEWOOD NJ 07451,201-670-5544,2016705569,DAVID T PFUND,KIMBERLY MCWILLIAMS,EVERY THURSDAY,8:30AM-4:30PM,
BERGEN,288,PALISADES INTERSTATE COURT,ALPINE APPROACH RD ALPINE NJ 07620,201-768-8702,2017672165,DWIGHT DE STEFAN / J. ARIYAN,MELISSA APONTE,MONDAY - FRIDAY,8:30AM - 4:30PM,
BERGEN,211,ELMWOOD PARK BORO MUNICIPAL CT,182 MARKET STREET ELMWOOD PARK NJ 07407,201-796-1457,2017968132,ANTHONY GALLINA,DEBORAH G ZAFONTE,EVERY TUESDAY,MON - FRI 8:30AM - 4:00PM,
BERGEN,248,RAMSEY BORO MUNICIPAL COURT,33 N. CENTRAL AVE RAMSEY NJ 07446,201-825-0988,2018181848,JOSEPH J ROTOLO,THERESA ERNEST,2ND & 4TH TUESDAY,MON - FRI 9:00AM - 4:00PM,
BERGEN,260,TEANECK TWP MUNICIPAL COURT,TEANECK RD/CEDAR LN TEANECK NJ 07666,201-837-1600,2018338047,GIUSEPPE RANDAZZO,CRAIG FERDINAND,EVERY MONDAY/WEDNESDAY/THURSDAY,M-F 8:00AM-5:15PM T TIL 7:00PM,
HUDSON,911,WEEHAWKEN TWP MUNICIPAL COURT,400 PARK AVE WEEHAWKEN NJ 07086,201-319-6028,2018666850,LAUREN OLIVIERI,ASHLEY FIGARO,"TUESDAY, WEDNESDAY, THURSDAY",9:00AM - 4:00PM,
HUDSON,912,WEST NEW YORK MUNICIPAL COURT,428-60 STREET WEST NEW YORK NJ 07093,201-295-5195,2018686074,CHARLES D'AMICO,KAREN GOMEZ,"TUESDAY, THURSDAY","M,W,THU,FR 9:00A-4:30P T 9A-7P",
HUDSON,903,GUTTENBERG MUNICIPAL COURT,6808 PARK AVE GUTTENBERG NJ 07093,201-868-2315,2018686839,LILIA MUNOZ,BLEYDELIZ COLLADO,"TUESDAY, THURSDAY",9:00AM -3:30PM MON - FRI,
BERGEN,220,FRANKLIN LAKES BORO COURT,DEKORTE DR FRANKLIN LAKES NJ 07417,201-891-5480,2018912472,FRANCIS J LEDDY JR,STACEY GAMBUTI,2ND & 4TH WEDNESDAY,8:30 AM - 4:00 PM,
BERGEN,257,SADDLE BROOK TWP COURT,63 MARKET STREET SADDLE BROOK NJ 07663,201-843-7642,2019092392,MARTIN GEISLER,CHRISTINE ORAVETZ,"2ND, 3RD, 4TH TUESDAY",8:30AM - 4:00PM,
BERGEN,213,EDGEWATER BORO MUNICIPAL COURT,55 RIVER RD EDGEWATER  NJ 07020,201-943-1700,2019432906,ROBERT J COHAN,JENNIE VARGAS,1ST AND 3RD THURSDAY,MON - FRI 9:00AM-5:00PM,
BERGEN,218,FAIRVIEW BORO MUNICIPAL COURT,59 ANDERSON AVE FAIR VIEW NJ 07022,201-943-4368,2019434402,ARTHUR E. BALSAMO,SERINA MARINI RUBERTO,EVERY WEDNESDAY,MON-FRI 8:30 AM TO 4:00 PM,
BERGEN,238,NEW MILFORD BORO COURT,930 RIVER RD NEW MILFORD NJ 07646,201-967-5646,2019675766,S.GREGORY MOSCARITOLO,SUSAN M ARMBRUSTER-STUCKE,1ST & 3RD WEDNESDAY,8:00 AM - 4:00 PM,
BERGEN,239,NORTH ARLINGTON MUNICIPAL CT,214 RIDGE ROAD NO ARLINGTON NJ 07031,201-991-6060,2019917028,CHRISTOPHER A ERRANTE,GINA MARSHALL,EVERY OTHER THURSDAY,9:00AM - 3:00PM,
HUDSON,907,KEARNY MUNICIPAL COURT,404 KEARNY AVENUE KEARNY NJ 07032,201-955-7410,2019971980,THOMAS D MCKEON,ANA MARIA MATOS,"TUESDAY, THURSDAY",8:30AM - 5:00PM,
UNION,2013,RAHWAY MUNICIPAL COURT,CITY HALL PLAZA RAHWAY NJ 07065,732-827-2039,7323819879,ROMAN A. MONTES,MARYLENE SHEPPARD,MONDAYS AND THURSDAYS,9:00AM - 4:00PM,
UNION,2002,CLARK MUNICIPAL COURT,315 WESTFIELD AVENUE CLARK,732-381-5395,7327097244,ANTONIO INACIO,AGATA KOZAK,WEDNESDAYS,9:00AM - 4:00PM,
MONMOUTH,1316,FREEHOLD TWP. MUNICIPAL COURT,ONE MUNICIPAL PLAZA FREEHOLD NJ 07728,732-294-2150,7328664058,NICOLE SONNENBLICK,DENISE YUHAS,TUESDAYS AND WEDNESDAYS,9:00AM - 4:00PM,
HUNTERDON,1010,FRANKLIN TWP MUNICIPAL COURT,1070 HGWY 202 RINGOES NJ 08551,908-782-6855,7328738080,EDWARD R MARTIN,JENNIFER BUDREWICZ,,MON - THU 8:30AM - 3:00PM,
SOMERSET,1808,FRANKLIN TWP MUNICIPAL COURT,495 DEMOTT LANE SOMERSET NJ 08873,732-873-7285,7328738080,MAUREEN VELLA,KEILA MARTINEZ,MONDAYS AND WEDNESDAYS,9:00AM - 4:00PM,
WARREN,2105,FRANKLIN TWP MUNICIPAL COURT,691 WATER STREET BEL VIDERE NJ07823,908-475-5331,7328738080,NICOLE LENAR,DAWN DECKER,1ST AND 3RD THURSDAY,MON - FRI 9:00AM - 4:30PM,
UNION,2010,MOUNTAINSIDE MUNICIPAL COURT,"1385 ROUTE 22,EAST MOUNTAINSIDE NJ 07092",908-232-5335,9082336412,FRANK P SAHAJ,CYNTHIA WEST,THURSDAYS MORNINGS,8:30AM - 4:00PM,
UNION,2015,ROSELLE PARK BORO MUNICIPAL CT,110 E WESTFIELD AVE ROSELLE PARK NJ 07204,908-241-4631,9082415719,GARY A BUNDY,NICOLE ESQUILIN,THURSDAYS,9:30AM - 3:30PM,
UNION,2016,SCOTCH PLAINS TWP COURT,430 PARK AVE SCOTCH PLAINS NJ 07076,908-322-6700,9083220680,KELLY A. WATERS,JALESSA LEWIS,WEDNESDAYS,8:30 AM - 3:00 PM,
UNION,2005,FANWOOD BORO MUNICIPAL COURT,75 MARTHINE AVE FANWOOD NJ 07023,908-322-6750,9083221378,SUSAN M. MACMULLAN,CATHERINE FRANK,THURSDAYS (3 TIMES PER MONTH),8:30 AM - 4:00 PM,
UNION,2004,ELIZABETH MUNICIPAL COURT,1 POLICE PLAZA ELIZABETH NJ 07201,908-558-6800,9083557580,ROMAN A MONTES,JOANN MARQUES,MONDAY TO FRIDAY,8:00 AM - 9:30 PM,
UNION,2009,LINDEN CITY MUNICIPAL COURT,MUNICIPAL BULDING LINDEN NJ 07036,908-474-8423,9084748619,CASSANDRA CORBETT,LINDSEY PARKER,"MONDAY, TUESDAY, WEDNESDAY",9:00AM - 3:00PM,
UNION,2020,WESTFIELD TOWN MUNICIPAL COURT,425 E. BROAD ST WESTFIELD NJ 07090,908-789-4060,9086541520,PARAG P PATEL,VANESSA TOVAR,TUESDAYS AND THURSDAYS,9:00 AM - 3:30 PM,
WARREN,2122,WASHINGTON TWP MUNICIPAL CT,100 PORT MURRAY ROAD PORT MURRAY NJ 07865,908-689-7066,9086899004,"CHARLES E CARRO,JMC",IRENE BROWNELL,2ND AND 4TH TUESDAY,MON-FRI 8:00AM - 4:00PM,
UNION,2003,CRANFORD MUNICIPAL COURT,8 SPRINGFIELD AVE CRANFORD NJ 07016,908-709-7242,9087097244,MARK J CASSIDY,LORRAINE POWELL,WEDNESDAYS,08:30 AM -03:30 PM,
UNION,2012,PLAINFIELD MUNICIPAL COURT,325 WATCHUNG AVE PLAINFIELD NJ 07061,908-753-3064,9087533030,CARL L MARSHALL,RAYMONA IWER,MONDAY TO THURSDAY,9:00 AM - 4:00 PM,
UNION,2006,GARWOOD BORO MUNICIPAL COURT,403 SOUTH AVE GARWOOD NJ 07027,908-789-0780,9087896414,GARY BUNDY,YASMILCA REYES,MONDAY (TWICE PER MONTH),9:00AM - 4:00PM,
BERGEN,221,GARFIELD CITY MUNICIPAL COURT,111 OUTWATER LANE GARFIELD NJ 07026,973-340-2000,9732530546,GIUSEPPE C RANDAZZO,KRYSTYNA MOSKAL,EVERY TUESDAY AND WEDNESDAY,MON - FRI 9:00AM - 4:00PM,
PASSAIC,1605,LITTLE FALLS MUNICIPAL COURT,225 MAIN STREET LITTLE FALLS NJ 07424,973-256-2400,9732568130,ERNEST FRONZUTO,ANDREA TROMBINO,2ND AND 4TH THURSDAYS,CALL COURT,
ESSEX,706,EAST ORANGE MUNICIPAL,221 FREEWAY DR EAST EAST ORANGE NJ 07018,973-266-5300,9732665249,SHERWIN CAMPBELL,CYNTHIA EDWARDS,MONDAY-THURSDAY,8:30AM - 4:00PM,
ESSEX,716,NUTLEY TOWN MUNICIPAL COURT,228 CHESTNUT ST NUTLEY NJ 07110,973-284-4945,9732844914,ALAN J. GENITEMPO,ADRIANA MARZULLO,WEDNESDAY,8:00AM - 4:00PM,
PASSAIC,1608,PATERSON MUNICIPAL COURT,111 BROADWAY PATERSON NJ 07505,973-321-1515,9733211516,"ABDELMAGEID ""JOHN"" ABDELHADI",BEVERLY VALENTINE,MONDAY TO FRIDAY,8:30 AM TO 4:00 PM,
PASSAIC,1616,WOODLAND PARK MUNICIPAL COURT,#5 BROPHY LANE WOODLAND PARK NJ 07424,973-345-8100,9733458194,TONI BELFORD DAMIANO,MARYANN CORAL,3 TUESDAYS PER MONTH,M-F 8:30-3:30-COURT TUES 4:00,
PASSAIC,1607,PASSAIC CITY MUNICIPAL COURT,330 PASSAIC ST PASSAIC NJ 07055,973-365-3975,9733655649,JEREMIAS E BATISTA,SANDRA HENDERSON,"MONDAYS, TUESDAYS AND THURSDAYS",9:00 AM - 3:30 PM,
ESSEX,709,IRVINGTON MUNICIPAL COURT,ONE CIVIC SQUARE IRVINGTON NJ 07111,973399-6673,9733996746,"LINDAL SCOTT-FOSTER, ACJMC",BRENDA A JONES (ACTING),MONDAY - THURSDAY,9:00AM - 4:00PM,
ESSEX,718,ROSELAND BORO MUNICIPAL COURT,19 HARRISON AVE ROSELAND NJ 07068,973-226-0641,9734037683,NANCY FALIVENA GENNARO,ALLA NUDEL,1ST & 3RD WEDNESDAY,9:00 AM - 4:00 PM,
PASSAIC,1604,HAWTHORNE BORO MUNICIPAL COURT,445 LAFAYETTE AVE HAWTHORNE NJ 07506,973-427-4767,9734274194,JOHN F MEOLA,"NORA KHOURY, MCA",THURSDAYS,9:00AM - 4:00PM,
PASSAIC,1602,CLIFTON MUNICIPAL COURT,900 CLIFTON AVENUE CLIFTON NJ 07013,973-470-5860,9734705924,JAMES P SIERADZKI,ALEXIS MITRESKI,MONDAY TO FRIDAY,8:15AM - 4:00PM,
BERGEN,231,LODI BORO MUNICIPAL COURT,ONE MEMORIAL DR LODI NJ 07644,973-859-7450,9734731213,MARTIN P GEISLER,PATRICIA BIEGEL,EVERY WEDNESDAY,8:30AM - 3:30PM,
HUDSON,904,HARRISON MUNICIPAL COURT,318 HARRISON AVE HARRISON NJ 07029,973-268-2453,9734829567,ELIZABETH T MCNAMARA,JOHN KOHANSKI,"MONDAY, WEDNESDAY",9:00AM - 4:00PM,
ESSEX,710,LIVINGSTON MUNICIPAL COURT,357 SLIVINGTON AVE LIVINGTON NJ 07039,973-535-7970,9735357997,WILLIAM H WILLIAMS JR,WALTER MOLLINEAUX,THURSDAYS,9:00AM - 4:00PM,
ESSEX,712,MILLBURN TWP MUNICIPAL COURT,435 ESSEX ST MILLBURN NJ 07041,973-564-7066,9735647764,JOSEPH C. ANGELO,WUYATTAH CARLON,TUESDAYS,9:00 AM - 4:00 PM,
PASSAIC,1614,WAYNE TWP MUNICIPAL COURT,475 VALLEY ROAD WAYNE NJ 07470,973-694-1800,9736940898,PETER F WEISS,LORI ELLICOTT,TUESDAYS AND THURSDAYS,8:30AM 4:30PM TUES 8:30-7PM,
ESSEX,714,NEWARK MUNICIPAL COURT,31 GREEN STREET NEWARK NJ 07102,973-733-6520,9737338533,DION J WILLIAMS,,MONDAY-THURSDAY,8:30 AM - 4:30 PM,
ESSEX,713,MONTCLAIR TWP MUNICIPAL COURT,647 BLOOMFIELD AVE MONTCLAIR NJ 07042,973-509-4774,9737446902,JOSEPH C. ANGELO,DONNA BENNION,TUESDAY & WEDNESDAY,M-F 8:30AM TO 3:30PM,
ESSEX,711,MAPLEWOOD TWP MUNICIPAL COURT,1618 SPRINGFIELD AVE MAPLEWOOD NJ 07040,732-536-0300,9737629367,CLYDE L OTIS III,RYAN BANCROFT,THURSDAYS,9:00 AM - 3:30 PM,
PASSAIC,1603,HALEDON BORO MUNICIPAL COURT,510 BELMONT AVE HALEDON NJ 07508,973-790-0500,9737904781,JOHN SEGRETO,KELLY MULLANAPHY,TUESDAYS,M-F 9:00AM - 4:00PM,
PASSAIC,1610,PROSPECT PARK MUNICIPAL COURT,106 BROWN AVE PROSPECT PARK NJ 07508,973-790-7902,9737906632,ABDELMAGERID ABDELHADI J.M.C,KAIRY ACEVEDO AMCA,TUESDAYS,8:00AM - 3:00PM,
PASSAIC,1609,POMPTON LAKES MUNICIPAL COURT,25 LENOX AVE POMPTON LAKES NJ 07442,973-616-5908,9738357401,JUDITH E ACCARDI,TERRI MALONE,3 TUESDAYS PER MONTH,MON - FRI 9:00AM - 4:00PM,
ESSEX,704,FAIRFIELD TWP MUNICIPAL COURT,230 FAIRFIELD RD FAIRFIELD NJ 07004,973-882-2700,9738822714,FRANK POMACO,MARIA CAPPA-FOSCHINI,THURSDAYS,8:30 AM - 4:30 PM,
UNION,2017,SPRINGFIELD TWP COURT,100 MOUNTAIN AVE SPRINGFIELD NJ 07081,973-912-2213,9739122287,JONATHAN H ROSENBLUTH,MARY JO BANCHANSKY,MONDAYS,8:00 AM - 4:00 PM,
UNION,2007,HILLSIDE TWP MUNICIPAL COURT,1409 LIBERTY A VENUE HILLSIDE NJ 07205,973-926-1881,9739262240,MARVIN T. BRAKER,MARVIN T. BRAKER,TUESDAYS (TWICE PER MONTH) AND THURSDAYS,8:30 AM - 3:30 PM,
PASSAIC,1612,TOTOWA BORO MUNICIPAL COURT,537 TOTOWA ROAD TOTOWA NJ 07512,973-956-1005,9739568414,MARIO A BATELLI,CHRISTINA FATTAL,3 MONDAYS PER MONTH,MON -FRI 9:00 AM - 4:00 PM,
PASSAIC,1611,RINGWOOD BORO MUNICIPAL COURT,60 MARGARET KING AVE RINGWOOD NJ 07456,973-962-6146,9739626018,MARIO BATELLI,CHRISTINA FATTAL,FIRST 3 WEDNESDAYS OF THE MONTH,MON-FRI 9:00AM - 4:00PM,
BERGEN,215,ENGLEWOOD CITY MUNICIPAL COURT,73 SO VAN BRUSNT ST ENGLEWOOD NJ 07631,201-569-0255,2015677083,AISHAAH A RASUL,DEBBIAN BARR,TUESDAY & WEDNESDAY,9:00AM - 4:00PM,
ESSEX,722,WEST ORANGE MUNICIPAL COURT,60 MAIN STREET WEST ORANGE NJ 07052,973-325-4080,9737310265,ENNIS DOWD,YVONNE S. BOWERS,TUESDAY & THURSDAY,9:00 AM - 4:00 PM,
BERGEN,236,PASCACK JOINT MUNICIPAL COURT,12 DIPIERO DRIVE MONTVALE NJ 07645,201-391-5701,2013916239,"HARRY D NORTON,JR",ANN LEVITZKI,2ND/3RD/4TH WEDNESDAY,8:30 AM - 4:30 PM,
BERGEN,261,TENAFLY BORO MUNICIPAL COURT,100 RIVEREDGE RD TENAFLY NJ 07670,201-408-3613,2015416412,BENJAMIN B. CHOI,DAWN CURATOLA,1ST & 3RD WEDNESDAY,MON - FRI 9:00AM - 4:00PM,
HUDSON,910,UNION CITY MUNICIPAL COURT,3715 PALISADE AVE UNION CITY NJ 07087,201-392-3663,9088515256,LILIA A MUNOZ,DORYS ROSADO,MONDAY-THURSDAY,MON - FRI 9:00AM- 3:30PM,
UNION,2019,UNION TWP MUNICIPAL COURT,981 CALDWELL AV UNION NJ 07083,908-851-5400,9088515256,JONATHAN ROSENBLUTH,PAT NASTA,MONDAY TO THURSDAY,8:00AM - 3:00PM,
ESSEX,708,BORO OF GLEN RIDGE MUN CT,825 BLOOMFIELD AVE. GLEN RIDGE NJ 07028,973-748-8116,9737488168,BORO OF GLEN RIDGE MUN CT,MARK A CLEMENTE,1ST & 3RD TUESDAY,9:00AM - 4:30PM,
HUNTERDON,1030,BORO OF MILFORD MUNICIPAL CT,599 OAK GROVE RD. FRENCHTOWN NJ 08825,908-996-0799,,FRANCESCO TADDEO,NANCY HORVATH,,TU 5:00P-7:30P,
UNION,2014,BOROUGH OF ROSELLE MUN COURT,210 CHESTNUT STREET ROSELLE NJ 07203,908-245-5588,9082410104,CARL L MARSHALL,NICOLE BAILEY,TUESDAYS AND THURSDAYS (TWICE PER MONTH),MON - FRI 9:00AM - 3:00PM,
CAMDEN,430,BOROUGH OF RUNNEMEDE MUN CT,24 N. BLACK HORSE PKE RUNNEMEDE NJ 07078,856-939-5252,8563792383,N. RYAN TRABOSH,CATHERINE LAWSON,2ND AND 3RD MONDAY,9:00AM -4:00PM,
SOMERSET,1804,BOUND BROOK MUNICIPAL COURT,230 HAMILTON ST BOUND BROOK NJ 08805,732-356-0833,7323560781,"MICHAEL FEDUN,JMC",VALERIE VAZQUEZ,TUESDAYS,MON-THU 8AM-4:30PM FRI 8AM-1PM,
MONMOUTH,1308,BRADLEY BEACH BORO COURT,701 MAIN ST. BRADLEY BEACH NJ 07720,732-776-2999,7328975813,PAUL CAPOTORTO,PATRICIA MEGILL,VIRTUAL NOV-MAY:1ST WED; JUNE-OCT:1ST& 3RD WED,8:30 AM - 4:00 PM,
SOMERSET,1805,BRANCHBURG TWP MUNICIPAL COURT,379 SOUTH BRANCH ED HILLSBOROUGH,908-369-3532,9083694401,FRANCESCO TADDEO,SUSAN KEETH,1ST AND 3RD WEDNESDAYS,8:00 AM - 4:00 PM,
OCEAN,1506,BRICK TOWNSHIP MUNICIPAL COURT,401 CHAMBERS BRIDGE BRICK NJ 08723,732-262-1226,7324514060,JOSEPH D GRISANTI,MICHELE FRASIER,"MONDAYS,WEDNESDAYS,THURSDAYS",9:00 AM - 3:00 PM M-F,
CUMBERLAND,601,BRIDGETON JOINT MUNICIPAL CT,330 FAYETTE ST BRIDETON,856-451-7565,8564517638,JASON D. WITCHER,MARIE L KEITH,TUESDAY AND THURSDAY,9:00 AM - 4:00 PM M-F,
SOMERSET,1806,BRIDGEWATER TWP COURT,100 COMMONS WAY BRIDGEWATER,908-725-6375,9087049208,KATHERINE E. HOWES,JENNI R PETERSON,WEDNESDAYS,8:30 AM - 4:00 PM,
MONMOUTH,1309,BRIELLE BORO MUNICIPAL COURT,201 E. MAIN ST. MANASQUAN NJ 08736,732-223-0600,7322236298,PAUL J CAPOTORTO,MARIE HIGGINS,TWO TUESDAYS PER MONTH,9:00 AM - 4:00 PM,
ATLANTIC,103,BRIGANTINE MUNICIPAL COURT,1417 BRIGANTINE AVE BRIGANTINE NJ 08203,609-266-0440,6092666376,TIMOTHY P MAGUIRE,DAWN GOTTARDI,1ST & 3RD THURSDAY,8:00 AM - 4:00 PM M-F,
CAMDEN,407,BROOKLAWN MUNICIPAL COURT,500 WHITE HORSE PIKE OAKLYN NJ 08107,856-858-0074,8568589552,KRISDEN MCCRINK,DAWN ABATE-HIRST,1ST & 3RD WEDNESDAY,M-THUR 8AM-4PM FRI 8-12PM,
ATLANTIC,104,BUENA BORO MUNICIPAL COURT,1571 DELSEA DRIVE FRANKLINVILLE NJ 08322,856-694-1661,8566942192,JOHN J ARMANO JR,TRACEY A BLEDA,,"M,T,W,F 8A-3P,THUR 8AM",
ATLANTIC,105,BUENA VISTA TWP MUNICIPAL CT,100 CENTRAL AVE HAMMONTON NJ 08330,609-567-4300,6095675090,FRANK J RASO,CRYSTAL CZERWINSKI,TUESDAYS,9:00 AM - 4:30 PM,
BURLINGTON,305,BURLINGTON CITY COURT,851 OLD YORK RD BURLINGTON NJ 08016,609-239-5825,6093866837,PETER C LANGE JR,ROSA P HENRY,"TUESDAYS, 1ST & 3RD THURSDAY",9:00AM - 5:00PM M-F,
BURLINGTON,306,BURLINGTON TOWNSHIP M C,851 OLD YORK RD BURLINGTON NJ 08016,609-239-5825,6093866837,PETER C LANGE JR,REBECCA CONCEPCION,"TUESDAYS, 1ST & 3RD THURSDAY",9:00AM - 5:00PM,
MORRIS,1403,BUTLER BORO MUNICIPAL COURT,91 NEW ARK-POMPTON TP RIVERDALE NJ 07457,973-835-1013,9738383762,JOHN A PAPARAZZO,ELIANNA KIESLING,TUESDAYS,MON - FRI 8:30AM - 4:30PM,
SUSSEX,1904,BYRAM TWP MUNICIPAL COURT,134 NEWTON-SPARTA RD NEWTON NJ 07860,973-383-4280,9733836328,JAMES G DEVINE,HELGA WALLS,,MON - FRI 8:30AM - 3:30PM,
ESSEX,703,CALDWELL BORO MUNICIPAL COURT,ONE PROVOST SQUARE CALDWELL NJ 07006,973-403-4630,9734031355,JONATHAN ROSENBLUTH,LEANNE O'HERN,2ND WEDNESDAY,9:00AM - 4:00PM,
HUNTERDON,1004,CALIFON BOROUGH MUNICIPAL CT,43 SCHOOLEYS MTN RD LONG VALLEY NJ 07853,908-876-3852,,FRANK P LEANZA,JAN SIMONETTI,2 THURSDAYS A MONTH,MON - FRI 8:00AM -4:00PM,
CAMDEN,408,CAMDEN CITY MUNICIPAL COURT,520 MARKET ST CAMDEN NJ 08101,856-757-7100,8567577000,RODERICK T. BALTIMORE,KIMBERLY KRAUSE,MONDAY-FRIDAY,8:30 AM - 3:00 PM,
CAPE MAY,502,CAPE MAY CITY MUNICIPAL COURT,643 WASHINGRON ST CAPE MAY NJ 08204,609-884-9550,6098840869,LOUIS J BELASCO JR,AMANDA I. MELENDEZ,WEDNESDAYS,8:00 A.M. TO 4:00 P.M.,
CAPE MAY,503,CAPE MAY POINT MUNICIPAL CT,643 WASHINGRON ST CAPE MAY NJ 08204,609-884-9550,6098840869,LOUIS J BELASCO JR,AMANDA I. MELENDEZ,WEDNESDAY,8:00AM TO 4:00PM M-F,
BERGEN,205,CARLSTADT BORO MUNICIPAL COURT,500 MADISON ST CARLSTADT NJ 07072,201-438-4306,2019394648,GEORGE SAVINO,ILONA DOVIAK,1ST AND 3RD THURSDAYS,9:00 AM - 4:00 PM,
SALEM COUNTY,1713,CARNEYS POINT-PENNSVILLE JOINT,303 HARDING HIGHWAY CARNEYS POINT NJ 08069,856-299-1013,8566789428,JASON D WITCHER,ANNMARIE BROWN,2 TO 3 FRIDAYS PER MONTH,MON-FRI 8:30AM-4:00PM,
MIDDLESEX,1201,CARTERET MUNICIPAL COURT,230 ROOSEVELT AVENUE CARTERET,732-541-3900,7325410581,ALLEN P COMBA,"MADELINE ZURICK ,P.T",,8:00 A.M. TO 4:00 P.M.,
ESSEX,705,CEDAR GROVE MUNICIPAL COURT,525 POMPTON AVE CEDAR GROVE NJ 07009,973-239-1410,9732391777,NICHOLAS S BRINDISI,THERESA PLATVOET,EVERY WEDNESDAY,MON-FRI 8:30AM - 4:30PM,
BERGEN,290,CENTRAL MUN CT BERGEN COUNTY,71 HUDSON STREET HACKENSACK NJ 07601,201-336-6222,2013366212,LOUIS J. DINICE,MIRIAM LOSARDO,MONDAY/TUESDAY/WEDNESDAY,9:00AM - 4:00PM,
WARREN,2189,CENTRAL WARREN JOINT COURT,100 PORT MURRAY RD PORT MURRAY NJ 07865,908-689-7066,9086892840,JOSEPH W STEINHARDT,IRENE BROWNELL,,MON - FRI 9:00AM - 4:00PM,
MORRIS,1404,CHATHAM BORO MUNICIPAL COURT,50 KINGS ROAD MADISON NJ 07940,973-593-3026,9735933029,JONATHAN ROSENBLUTH,DAWN ALLGEIER,1ST AND 3RD WEDNESDAY,8:00 AM - 4:00 PM,
MORRIS,1405,CHATHAM TWP MUNICIPAL COURT,50 KINGS ROAD MADISON NJ 07940,973-593-3026,9735933029,JONATHAN ROSENBLUTH,DAWN ALLGEIER,2ND MONDAYS,8:00 AM - 4:00 PM,
CAMDEN,412,CHERRY HILL TWP MUNICIPAL CT,820 MERCER STREET CHERRY HILL NJ 08002,856-488-7850,8564887854,JEFFREY S. KARL,ADELENE KHAN,THURSDAYS,9:00 A.M. TO 5:00 P.M,
CAMDEN,409,CHESILHURST MUNICIPAL COURT,201 GRANT AVE CHESILHURST NJ 08089,856-767-1548,8567538093,MICHAEL A DIAMOND,MARICA BOOKMAN,2ND & 3RD TUESDAY,MON - THRU 9:00AM - 2:00PM,
MORRIS,1406,CHESTER BORO MUNICIPAL COURT,1 PARKER ROAD CHESTER NJ 07930,908-879-5100,9088798281,GLENN T. GAVAN,INGRID OCONNOR,1ST AND 3RD THURSDAYS,9:00AM - 4:00PM,
MORRIS,1407,CHESTER TWP MUNICIPAL COURT,1 PARKER ROAD CHESTER NJ 07930,908-879-5100,9088798281,GLENN T. GAVAN,INGRID OCONNOR,1ST AND 3RD THURSDAYS,9:00AM - 4:00PM,
BURLINGTON,307,CHESTERFIELD MUNICIPAL COURT,1 MUNICIPAL DR. BORDENTOWN NJ 08505,609-298-2802,6092919324,JOSEPH P MONTALTO,"SARAH HOFFMAN, CMCA",WEDNESDAY,"M-TH 9AM-4PM,F-9AM-12PM",
BURLINGTON,308,CINNAMINSON MUNICIPAL COURT,1621 RIVERTON RD CINNAMINSON NJ 08077,856-829-4027,8568292893,COREY E AHART,DANA ALDRICH,"MONDAYS, 2ND THURSDAY",8:30AM - 4:00PM M-F,
ATLANTIC,109,CITY OF ESTELL MANOR REGIONAL,5905 MAIN STREET MAYS LANDING NJ 08330,609-909-5999,6099095992,TIMOTHY MAGUIRE,ANTOINETTE TUMMON,MONDAY-FRIDAY,"WED 6PM-8PM, FRI 9AM-1PM",
GLOUCESTER,801,CLAYTON BORO MUNICIPAL COURT,680 WHIG LANE MONROEVILLE NJ 08343,856-881-6631,8568810153,JOHN J ARMANO JR,PAULINE JORDAN,,M-THUR 9A-4P FRI 9A-1:30P,
CAMDEN,410,CLEMENTON MUNICIPAL COURT,101 GIBBSBORO ROAD CLEMENTON NJ 08021,856-783-6464,8567843825,GEORGE J SINGLEY,DONNA CARNS,"1ST & 3RD TUESDAY, 1ST & 3RD WEDNESDAY",8:30AM - 4:00PM M-T,
BERGEN,206,CLIFFSIDE PARK MUNICIPAL COURT,525 PLAISADE AVE CLIFFSIDE PARK NJ 07010,201-945-3456,2019458972,ARTHUR E BALSAMO JMC,LINDA D'ANGELO,EVERY THURSDAY,8:30AM - 3:30PM,
HUNTERDON,1027,CLINTON TWP MUNICIPAL CT,1370 ROUTE 31 NORTH ANNANDALE NJ 08801,908-735-3730,9087353731,ERIC M PERKINS,"KIMBERLY MARINO, CMCA",EVERY WEDNESDAY,MON - FRI 8:30 - 4:00,
BERGEN COUNTY,207,CLOSTER BORO MUNICIPAL COURT,295  CLOSTER DOCK RD CLOSTER NJ 07624,201-784-0600,2019057777,FRANCIS J LEDDY JR,ANTOINETTE CECCON,1ST & 3RD TUESDAY,9:00 AM - 4:00 PM,
CAMDEN,411,COLLINGSWOOD MUNICIPAL COURT,30 W. COLLINGS AVE COLLINGSWOOD NJ 081108,856-854-7535,8568540632,CAROL FABIETTI,ELENA BENEDETTI,WEDNESDAYS,9:00AM - 4:00PM M-F,
MONMOUTH,1304,COLTS NECK TWP MUNICIPAL COURT,124 CEDAR DRIVE COLTS NECK NJ 0772,732-431-1799,7324096438,NICOLE SONNENBLICK,KATHRYNE BRADACH,THREE FRIDAYS PER MONTH,"CTHLD: 4 CRAWFORDS CNR,HOLMDEL",
CUMBERLAND,602,COMMERCIAL MUN COURT,1325 HWY 77 SEABROOK NJ 08302,856-455-8722,8564516489,LAUREN VAN EMBDEN,PATRICIA TURKALI,TUESDAY BEGINNING AT 09:00 AM,MON-FRI 8AM-12PM & 1PM - 4PM,
ATLANTIC,106,CORBIN CITY MUNICIPAL COURT,5905 MAIN STREET MAYS LANDING NJ 08330,609-909-5999,6099095992,TIMOTHY P MAGUIRE,ANTOINETTE TUMMON,WEDNESDAY,8:30AM TO 4:00PM M-F,
MIDDLESEX,1202,CRANBURY TWP MUNICIPAL COURT,641 PLAINSBORO ROAD PLAINSBORO NJ 08536,609-799-0863,6099361441,EDWARD H. HERMAN,DANIELLE TANZI,,8:45AM - 4:15PM,
BERGEN,208,CRESSKILL BORO MUNICIPAL COURT,67 UNION A VENUE CRESSKILL NJ 07626,201-569-7636,2015693714,STEVEN V. SCHUSTER,CRAIG FERDINAND,1ST & 3RD THURSDAY,8:30AM - 4:30PM,
CUMBERLAND,613,CS REGIONAL COURT,1325 HIGHWAY 77 SEABROOK,856-455-8722,8564516489,LAUREN VAN EMBDEN,PATRICIA TURKALI,TUESDAY BEGINNING AT 09:00 AM,MON - FRI 9:00AM - 4:00PM,
MONMOUTH,1310,DEAL BORO MUNICIPAL COURT,190 NORWOOD AVE DEAL NJ 07723,732-531-1343,7325311705,SCOTT J BASEN,KRYSTLE REINER,2ND ^ 4TH WEDNESDAYS,8:30 AM - 4:30 PM,
CUMBERLAND,603,DEERFIELD TWP MUNICIPAL COURT,1325 HWKY 77 SEABROOK NJ 08302,856-455-8722,8564516489,LAUREN VAN EMBDEN,PATRICIA TURKALI,TUESDAY BEGINNING AT 09:00 AM,MON-FRI 9:00A - 4:00P,
BURLINGTON,309,DELANCO TWP MUNICIPAL COURT,770 COOPERTOWN ROAD DELANCO NJ 08075,856-461-0181,8567640984,COREY AHART,JENNIFER ESPOSITO,3RD WEDNESDAY,MON - THURS 9:00AM - 1:00PM,
BURLINGTON,310,DELRAN MUNICIPAL COURT,900 CHESTER A VENUE DELRAN NJ 08075,856-461-3888,8567648171,COREY AHART,COLLEEN PERRY,1ST & 3RD WEDNESDAY,09:00 AM TO 05:00 PM,
BERGEN,209,DEMAREST BORO MUNICIPAL COURT,118 SERPENTINE RD DEMAREST NJ 07627,201-768-1160,2017680919,CRYSTAL CALABRESE,DEBORAH ZAFONTE,2ND WEDNESDAY,MON-FRI 9:00AM - 1:00PM,
CAPE MAY,504,DENNIS TWP MUNICIPAL COURT,PO BOX 414 TUCKAHOE NJ 08250,609-628-2015,6098619719,JAMES R BIRCHMEIER,LOREN READY,WEDNESDAYS,MON - FRI 8:30AM - 4:00PM,
MORRIS,1408,DENVILLE TWP MUNICIPAL COURT,1 SAINT MARY'S PLACE DENVILLE,973-625-8300,9736250241,GERARD F SMITH,ERIN GEIGER,THURSDAY 9 AM,8:00AM - 4:00PM,
GLOUCESTER,802,DEPTFORD JOINT MUNICIPAL COURT,1011 COOPER ST DEPTFORD,856-686-2230,8568456179,DEMETRICA TODD,SHANNON SAWYER,WEDNESDAYS,MON-FRI 9AM-4PM,
MORRIS,1409,DOVER MUNICIPAL COURT,37 N. SUSSEX ST DOVER NJ 07801,973-366-2200,9733286604,PHILIP MAENZA,SHANNON SAWYER,MONDAYS,MON - FRI 8:30AM - 4:00PM,
CUMBERLAND,604,DOWNE TWP MUNICIPAL COURT,1325 HIGHW A Y 77 SEABROOK NJ 08302,856-455-8722,8564511379,LAUREN VAN EMBDEN,PATRICIA M. TURKALL,TUESDAY BEGINNING AT 09:00 AM,MON-FRI 8:30AM - 4:30PM,
MIDDLESEX,1203,DUNELLEN BORO MUNICIPAL COURT,355 NORTH AVE DUNLLEN NJ 08812,732-968-3400,7329683576,HARRY STYLIANOU,GLENDA HICKEY,2ND AND 4TH MONDAY TENAFLY,9:00 AM - 4:30 PM,
OCEAN,1508,EAGLESWOOD TWP MUNICIPAL COURT,655 RADIO LITTLE EGG HARB NJ 08087,609-296-7241,6092943040,DAMIAN G MURRAY,ALINA BERTRAM,3RD THURSDAY,9:00AM - 4:00PM M-F,
HUNTERDON,1008,EAST AMWELL JOINT MUNICIPAL CT,1070 HGWY 202 RINGOES NJ 08551,908-782-6855,9087821967,EDWARD R. MARTIN,JENNIFER BUDREWICZ,,MON - THU 8:30AM - 3:00PM,
MIDDLESEX,1204,EAST BRUNSWICK MUNICIPAL COURT,1 JEAN WALLING CVCTR EAST BRUNSWICK NJ 08816,732-390-6915,7323906913,CHRISTINE M HEITMANN,LIZANDRA DEANGELIS,,8:00AM TO 3:30PM,
GLOUCESTER,803,EAST GREENWICH MUNICIPAL COURT,159 DEMOCRAT RD MICLLETON NJ 08056,856-423-3010,8562240296,MARTIN WHITCRAFT,DENISE ATHEY,2ND & 4TH MONDAY,8:30AM - 4:00PM MON-FRI,
MORRIS,1410,EAST HANOVER MUNICIPAL COURT,1000 RTE #10 WHIPPANY NJ 07981,973-428-2519,9735153773,PHILIP J MAENZA,LAUREN DALGAUER,THURSDAYS,8:30AM TO 4:00PM,
HUDSON,902,EAST NEWARK MUNICIPAL COURT,34 SHERMAN AVE EAST NEWARK,973-481-2902,9734810627,KENNETH J LINDENFELSER,JUDY EVARISTO .ACTING,TUESDAY,9:00AM - 6:00PM,
MERCER,1101,EAST WINDSOR MUNICIPAL COURT,80 ONE MILE ROAD EAST WINDSOR NJ 08520,609-448-3228,6094260588,EDWARD H HERMAN,KELLI HAND,,8:30AM - 5:30PM,
BURLINGTON,311,EASTAMPTON TWP MUNICIPAL COURT,710 RANCOCAS RD WESTAMPTON NJ 08060,609-267-1895,6092671898,COREY E AHART,SUSAN GRAUBART,THURSDAYS,8:00AM - 3:00 PM,
MONMOUTH,1311,EATONTOWN MUNICIPAL COURT,556 TINTON AVENUE TINTON FALLS NJ 07724,732-542-3400,7325421289,EUGENE MELODY III,STACY A KITSON,,M W TH FR 8:30A-4:30P T 8A-4P,
BURLINGTON,312,EDGEWATER PARK MUNICIPAL COURT,400 DELANCO RD EDGEWATER PARK NJ 08010,609-877-7645,6095319421,KRISDEN M. MCCRINK,CATHERINE M IEZZI,"2ND, 3RD, & 4TH TUESDAYTUESDAYS",8:30-4:30 M-TH 8:30-12:30 FRI,
MIDDLESEX,1205,EDISON TWP MUNICIPAL COURT,100 MINUCIPAL BLVD EDISON NJ 08817,732-248-7328,7322870743,GARY M PRICE,MICHELLE KASPERSKI (ACTING,,8:30 AM - 4:30 PM,
ATLANTIC,107,EGG HARBOR CITY COURT,100 CENTRAL AVE HAMMONTON NJ 08337,609-567-4300,6095675090,FRANK J RASO,CRYSTAL CZERWINSKI,TUESDAYS,9:00 AM - 4:00 PM M-F,
ATLANTIC,108,EGG HARBOR TOWNSHIP COURT,5909 MAIN ST MAYS LANDING NJ 08330,609-909-5999,6099095992,TIMOTHY P MAGUIRE,ANTOINETTE TUMMON,MONDAY-FRIDAY,8:30AM - 4:30PM,
GLOUCESTER,804,ELK JOINT MUNICIPAL COURT,680 WHIG LANE MONROEVILLE NJ 08343,856-881-6525,8568639421,JOHN J ARMANO JR,PAULINE JORDAN,1ST & 3RD TUESDAY; 3RD MONDAY,"M-THUR 9A-4P, FRI 9A-1:30P",
SALEM,1702,ELMER BORO MUNICIPAL COURT,25 WEST AVE WOODSTOWN NJ 08098,856-881-6525,8567693307,MARTIN WHITCRAFT,BARBARA GAROZZO,,"M,TU 9A-3:30P W,TH,F 9A-2PM",
BERGEN,214,EMERSON BORO MUNICIPAL COURT,146 LINWOOD AVE EMERSON NJ 07630,201-262-6058,2012621256,FRANCIS J LEDDY JR,LAUREL CARNAZZA,2ND AND 4TH THURSDAY,MON-FRI 8:30 AM- 4:30 PM,
BERGEN,216,ENGLEWOOD CLIFFS BORO COURT,10 KATH TERRACE ENGLEWOOD CLIFF NJ 07632,201-568-7860,2015694356,CAROLINA CALDERON,DAWN CURATOLA (ACTING),1ST & 3RD THURSDAY,CALL,
MONMOUTH,1312,ENGLISHTOWN BORO MUNICIPAL CT,15 MAIN STREET ENGLISHTOWN NJ 07726,732-446-4457,7324464979,JAMES M NEWMAN,LISA LANGLOIS,1ST & 3RD WEDNESDAYS,8:00AM - 4:00PM,
ESSEX,707,ESSEX FELLS BORO MUNICIPAL CT,141 GOULD AVENUE NORTH CALDWELL NJ 07006,973-228-6420,9732282914,JOSEPH C. ANGELO,ASHLEY MCMILLION,2ND & 4TH THURSDAYS @ 5PM,9:00AM - 4:00PM,
BURLINGTON,313,EVESHAM TWP MUNICIPAL COURT,984 TUCKERTON RD MARLTON NJ 08053,856-983-2929,8569856007,KAREN J CAPLAN,STACI HEAVNER,2ND & 4TH WEDNESDAY,MON - FRI 8:30AM - 4:30PM,
MERCER,1102,EWING TOWNSHIP MUNICIPAL COURT,2 JAKE GARZIO DRIVE EWING NJ 08628,609-883-2900,6098831746,STACI HEAVNER,MARYANN CONVENIO,,8:30AM - 3:30PM,
MONMOUTH,1313,FAIR HAVEN BORO MUNICIPAL CT,80 EAST RIVER RD RUMSON NJ 07760,732-530-7131,7325307150,PETER LUCAS,MICHELE SMALLZE,,8:30AM - 4:30PM,
CUMBERLAND,605,FAIRFIELD MUNICIPAL COURT,330 FATETTE ST BRIDGETON NJ 08302,856-451-7565,8564517638,JASON D WITCHER,MARIE L KEITH,,MON - FRI 9:00AM - 4:00PM,
BERGEN,217,FAIRLAWN MUNICIPAL COURT,807 FAIR LAWN AVE FAIR LAWN NJ 07410,201-794-5348,2017034262,GIUSEPPE RANDAZZO,CLARE CABIBBO,EVERY WEDNESDAY/ 1ST THURSDAY,9:00AM - 4:00PM,
SOMERSET,1807,FAR HILLS BORO MUNICIPAL COURT,6 PROSPECT ST. FAR HILLS NJ 07931,908-781-1911,9087816048,KATTY C. WONG-TAYLOR ESQ,MARJORIE M. FREEMAN,2ND AND 4TH TUESDAYS,"M,T,THU 10-4PM/2&4 TUES 9:30AM",
MONMOUTH,1314,FARMINGDALE BORO MUNICIPAL CT,300 OLD TAVERN RD HOWELL NJ 07731,732-938-4848,7329387054,JAMES M NEWMAN,TRACEY SORRENTINO,1ST WEDNESDAY EACH MONTH,8:30AM - 4:30PM,
BURLINGTON,314,FIELDSBORO MUNICIPAL COURT,204 WASHINGTON ST FIELDSBORO NJ 08505,609-298-1616,6092981218,"PETER LANGE, JMC",SARAH HOFFMAN,2ND & 4TH TUESDAY,PART-TIME/CALL FOR HOURS,
HUNTERDON,100,FLEMINGTON BORO MUNICIPAL CT,2 MUNICIPAL DRIVE ELEMINGTON NJ 08822,908-782-5770,9087822823,ERIC M PERKINS,OLIVIA BARRICK,,MON - FRI 9:00AM - 4:00PM,
BURLINGTON,315,FLORENCE TWP MC,711 BROAD STREET FLORENCE NJ 08518,609-499-2222,6094991779,COREY E AHART,PATRICIA A MELLOR,2ND TUESDAY,10:00AM - 4:00PM,
MORRIS,1411,FLORHAM PARK MUNICIPAL COURT,111 RIDGENDALE AVE FLORHAM PARK NJ 07932,973-410-5324,9734105329,IRA A COHEN,BRIANA DIAMOND,WEDNESDAYS,MON-FRI 9:00AM TO 4:30PM,
ATLANTIC,110,FOLSOM BORO MUNICIPAL COURT,100 CENTRAL AVENUE HAMMONTON NJ 08037,609-567-4300,6095675090,FRANK J RASO,CATHERINE A DEYOUNG,TUESDAYS,MON - FRI 9:00AM-4:30PM,
SUSSEX,1905,FRANKFORD JOINT MUNICIPAL CT,151 US HWY 206 AUGUSTA NJ 07822,973-948-4045,9739485566,JAMES G DEVINE,SUZANNE M OAKLEY,2ND AND 3RD THURSDAY,9:00AM - 3:30PM,
SUSSEX,1906,FRANKLIN BORO MUNICIPAL COURT,46 MAIN STREET FRANKLIN NJ 07416,973-827-9280,9738270921,GLENN T GAVAN,LAUREN J MITCHENER,1ST AND 4TH MONDAY; 2ND WEDNESDAY,8:30AM - 4:00PM,
GLOUCESTER,805,FRANKLIN JOINT MUNICIPAL COURT,1571 DELSEA DRIVE FRANKLINVILLE NJ 08322,856-694-1661,8566942192,JOHN J ARMANO JR.,TRACEY A BLEDA,4TH TUESDAY,"M,T,W,F 8A-3P, THUR 8AM",
MONMOUTH,131,FREEHOLD BORO MUNICIPAL COURT,38 JACKSON STREET FREEHLD NJ 07728,732-462-2444,7322941520,SCOTT J BASEN,KATHRYN KRAUSE,"1ST,2ND,3RD,& 4TH TUESDAYS",8:30 AM - 4:00 PM,
WARREN,2106,FRELINGHUYSEN TWP MUN COURT,691 WATER ST BELVIDERE NJ 07823,908-475-5331,9084752738,NICOLE LENAR,DAWN DECKER,1ST AND 3RD THURSDAY,MON - FRI 9:00AM - 4:30PM,
HUNTERDON,1011,FRENCHTOWN BORO MUNICIPAL COUR,ONE MUNICIPAL DR FLEMINGTON NJ 0882,908-782-8818,9088066478,CHARLES E. CARRO,BIANCA WATKINS,,MON-FRI 8:30AM-4:30PM,
ATLANTIC,111,GALLOWAY TOWNSHIP MUNICIPAL CT,5905 MAIN STREET MAYS LANDING NJ 08330,609-909-5999,6099095992,TIMOTHY P MAGUIRE,ANTOINETTE TUMMON,MONDAY-FRIDAY,MON-FRI 8:30AM-4:30PM,
CAMDEN,413,GIBBSBORO BORO MUNICIPAL CT,49 KIRKWOOD ROAD GIBBSBORO NJ 08026,856-768-2300,8567828694,RODERICK T BALTIMORE,HEATHER CAMPBELL,3RD THURSDAY,COURT@WATERFORDTWP.ORG,
GLOUCESTER,806,GLASSBORO MUNICIPAL COURT,1 SOUTH MAIN STREET GLASSBORO NJ 02028,856-881-0383,8568818253,JOHN J ARMANO,DAWN DEFRANCESCO,THURSDAY,MON - FRI 8:00AM - 4:00PM,
HUNTERDON,1012,GLEN GARDNER BORO MUNICIPAL CT,405 MINE RD ASBURY NJ 08802,908-735-4559,9087354559,ROBERT L ALEXANDER,DONNA SURDICH,2ND & 4T TUESDAY,MON - FRI 8:30AM - 3:30PM,
BERGEN,222,GLEN ROCK MUNICIPAL COURT,HARDING PLAZA GLEN ROCK NJ 07452,201-670-3950,2016703963,DAVID PFUND,KIMBERLY MCWILLIAMS,2ND & 4TH TUESDAY,8:30AM - 4:15PM,
CAMDEN,414,GLOUCESTER CITY MUNICIPAL CT,313 MONMOUTH STREET GLOUCESTER CITY NJ 08030,856-456-3958,8564563065,CHARLES SHIMBERG,SAMANTHA SCHULES,TUESDAYS,"M-WED 8AM-5PM, TH 10AM-7PM",
CAMDEN,415,GLOUCESTER TWP MUNICIPAL COURT,PO BOX 8 BLACKWOOD NJ 08012,856-228-4000,8563743527,N. RYAN TRABOSH,PATRICIA CARROLL,TUESDAYS,8:00 AM - 5:45 PM M-THURSDAY,
SUSSEX,1908,GREEN TWP MUNICIPAL COURT,39 TRINITY STREET NEWTON NJ 07860,973-383-3521,9733830465,JAMES P SLOAN,KATHERINE QUINN,TUESDAYS,8:30AM - 4:00PM,
SOMERSET,1809,GREENBROOK TWP MUNICIPAL COURT,111 GREENBROOK RD GREEN BROOK NJ 08812,732-968-1110,7329682041,MICHAEL FEDUN,JACQUELINE TAMASHIRO,"2ND,3RD,4TH WEDNESDAYS",M-F 8:30AM - 3:30PM,
CUMBERLAND,606,GREENWICH TWP MUNICIPAL COURT,1325 HWY 77 SEABROOK NJ 08302,856-455-8722,8564516489,LAUREN VAN EMBDEN,PATRICIA TURKALI,TUESDAY BEGINNING AT 09:00 AM,"M,T,W,T,F, 9AM - 4PM",
GLOUCESTER,807,GREENWICH TWP MUNICIPAL COURT,21 NORTH WALNUT ST GIBBSTOWN NJ 08027,856-423-0113,8562240283,THOMAS M. NORTH,SHERRI FUTIE,2ND & 4TH THURSDAY,MON - FRI 9:00AM - 4:00PM,
WARREN,2107,GREENWICH TWP MUNICIPAL COURT,50 MUNICIPAL DR PHILLIPSBURG NJ 08865,908-454-6121,9084548241,LOUIS MELLINGER,CYNDI C. LEHR,1ST (3) THURSDAYS,MON - FRI 9:00AM - 4:30PM,
BERGEN,223,HACKENSACK MUNICIPAL COURT,215 STATE STREET HACKENSA CK NJ 07601,201-646-3971,2016460202,LOUIS J DINICE,AARIKA WILL,"EVERY MONDAY, WEDNESDAY AND THURSDAY",8:00 AM - 4:30 PM,
WARREN,2108,HACKETTSTOWN MUNICIPAL COURT,215 STIGER ST HACKETTSTOWN NJ 07840,908-852-0688,9088521786,NICOLE N. LENAR,LAURA M MOORE,2ND AND 3RD WEDNESDAY,9:00AM - 4:30PM,
CAMDEN,418,HADDON HEIGHTS MUNICIPAL COURT,606 W NICHOLSON RD. AUDUBON NJ 08106,856-547-0712,8563100825,CHARLES SHIMBERG,JEAN PHILLIPS,MONDAY,MON-FRI 9:00AM - 4:00PM,
CAMDEN,416,HADDON HEIGHTS MUNICIPAL COURT,135 HADDON AVE HADDON TWP NJ 07108,856-854-1176,8568588335,ROBERT A GLEANER,LAURA CAPPELLI,2ND & 4TH WEDNESDAY,8:30 AM - 4:00 PM M-F,
CAMDEN,417,HADDON HEIGHTS MUNICIPAL COURT,606 W NICHOLSON RD. AUDUBON NJ 08106,856-547-0712,8563100825,CHARLES SHIMBERG,JEAN PHILLIPS,MONDAY,9:00AM - 4:00PM,
BURLINGTON,316,HAINESPORT TWP MUNICIPAL COURT,710 RANCOCAS RD WESTAMPTON NJ 08060,609-267-1895,6092671898,COREY E AHART,SUSAN GRAUBART,THURSDAYS,MON - FRI 8:00AM - 3:00PM,
MERCER,1909,HAMBURG MUNICIPAL COURT,65 MAIN STREET APARTA NJ 07871,973-729-3501,9737264480,PARIS P ELIADES,BONNIE MESSINA,MONDAYS (NOT LAST OF MONTH);THURSDAYS (NOT FIRST OF MO),8:30AM - 4:30PM,
MERCER,1103,HAMILTON TWP MUNICIPAL COURT,1270 WHTEHORSE AVE HAMILTON NJ 08619,609-581-4071,6095814198,LOUIS SANCINITO,"JESSICA HAMMILL,DIRECTOR",,MON - FRI 8:00AM -3:30PM,
ATLANTIC,113,HAMMONTON JOINT MUN COURT,100 CENTRAL AVE HAMMONTON NJ 08037,609-567-4322,6095675090,FRANK J RASO,CRYSTAL CZERWINKSI,TUESDAYS,9:00 AM TO 4:30 PM,
HUNTERDON,1013,HAMPTON BORO MUNICIPAL COURT,1370 ROUTE 31 NORTH ANNANDALE NJ 08801,908-735-3730,9087353731,ERIC PERKINS,"KIMBERLY MARINO, CMCA",,MON-FRI 8:30AM - 4:00PM,
SUSSEX,1910,HAMPTON/STILLWATER MUN COURT,888 RT. 23 WANTAGE NJ 07461,973-875-7310,9738758676,GLENN T GAVAN,DONNA CHERNOV,,MON-FRI 8:30 AM- 4:30PM,
MORRIS,1412,HANOVER MUNICIPAL COURT,1000 RTE #10 WHIPPANY NJ 07981,973-428-2519,9735153773,VINCENT A PIRONE,LAUREN DALGAUER,MONDAYS,8:30AM TO 4:00PM,
MORRIS,1413,HARDING TWP MUNICIPAL COURT,915 VALLEY RD GILLETTE NJ 07933,908-647-8369,9086474012,JAMES D. BRIDE,ANN NAYLOR,THURSDAYS,8:00AM - 3:30PM,
WARREN,2109,HARDWICK TWP MUN COURT,PO BOX 134 HOPE NJ 07844,908-459-5800,9083628840,CHARLES E CARRO,KAYLEIGH KEGGAN,1ST (3) THURSDAYS,TUES-THURS 9:00AM - 3:00PM,
SUSSEX,1911,HARDYSTON MUNICIPAL COURT,149 WHEATSWORTH RD HARDYSTION NJ 07419,973-827-9280,9738270921,PARIS P ELIADES,LAUREN MITCHENER,COURT SESSIONS MOST 1ST & 3RD WEDNESDAY 5:00 PM VIRTUAL,8:30AM - 4:00PM,
WARREN,2110,HARMONY TWP MUNICIPAL COURT,691 WATER STREET BELVIDERE NJ 07823,908-475-5331,9082131850,NICOLE LENAR,DAWN DECKER,1ST AND 3RD THURSDAY,MON - FRI 9:00AM - 4:30PM,
BERGEN,224,HARRINGTON PARK BORO COURT,85 HARRIOT AVE HARRINGTON PK NJ 07640,201-768-0500,2012977543,MATTHEW J FIERRO,KATHERINE M. VIGER,2ND THURSDAY,"M,W,TH 2:30P-4:30P T,F 9A-11A",
GLOUCESTER,808,HARRISON TWP MUNICIPAL COURT,397 MAIN STREET MANTUA NJ 08051,856-468-3078,8564683823,KELLY CONROY,CARLA RIOS,,MON-FRI 8:30 AM-4:30 PM,
OCEAN,1509,HARVEY CEDAR BORO MUNICIPAL CT,76TH & LONG BEACH BL HARVEY CEDARS NJ 08008,609-494-9026,6094942335,STACEY KERR,LAUREN SASSANO,2ND MONDAY,TUES & FRIDAY 2:00PM - 4:00PM,
BERGEN,226,HAWORTH BORO MUNICIPAL COURT,300 HAWORTH AVE HAWORTH NJ 07641,201-384-4883,2013841206,HARRY STYLIANOU,JANET GALLAGHER,1ST MONDAY,MON - FRI 9:00AM - 3:00PM,
MONMOUTH,1339,HAZLET MUNICIPAL COURT,225 MIDDLE ROAD HAZLET NJ 07730,732-264-2231,7322647375,MICHAEL D PUGLIESE,ROBIN YOUNG,MONDAYS; 2ND TUESDAYS,MON-FRI 8:30AM - 3:30PM,
MIDDLESEX,1206,HELMETTA BORO MUNICIPAL COURT,51 MAIN STREET HELMETTA NJ 08828,732-521-4946,7325212379,EDWARD H HERMAN,DANA MAHAN,,TUES-THUR 5:30PM - 7:30PM,
HUNTERDON,1014,HIGH BRIDGE MUNICIPAL CT,1370 ROUTE 31 NORTH ANNANDALE NJ 08801,908-735-3730,9087353731,ERIC M PERKINS,"KIMBERLY MARINO, CMCA",,MON-FRI 9AM - 4:00PM,
MIDDLESEX,1207,HIGHLAND PARK BORO COURT,221 SO FIFTH AVE HIGHLAND PK NJ 08904,732-777-6010,7325723400,EDWARD H HERMAN,TRACEY HORAN,,8:00 AM - 4:00 PM,
MONMOUTH,1317,HIGHLANDS BORO MUNICIPAL COURT,100 FIRST AVE ATL HIGHLNDS NJ 07716,732-291-3225,7322913100,THOMAS J. SMITH III,JANICE SWAGGERTY,1ST & 3RD TUESDAYS,MON - FRI 8:30AM - 4:30PM,
MERCER,1104,HIGHTSTOWN MUNICIPAL COURT,1117 ROUTE 130 ROBBINSVILLE NJ 08691,609-259-3522,609208256,SETH A KURS,CAROL GAYNOR,,08:30 AM TO 04:30 PM,
SOMERSET,1810,HILLSBOROUGH TWP MUNICIPAL CT,379 SOUTH BRANCH RD HILLSBOROUGH NJ 08844,908-369-3532,9083694401,FRANCESCO TADDEO,SUSAN KEETH,MONDAYS AND TUESDAYS,8:00AM - 4:00PM,
BERGEN,227,HILLSDALE BORO MUNICIPAL COURT,380 HILLSDALE AVE HILLSDALE NJ 07642,201-666-4800,2013585002,WARREN F CLARK,JENNIFER LACEY,2ND & 4TH WEDNESDAY,8:00 AM - 4:00 PM,
CAMDEN,419,HI-NELLA BORO MUNICIPAL COURT,100 WYKAGYL RD HI-NELLA NJ 08083,856-782-0860,8567848439,MICHAEL A. DIAMOND,DONNA CARNS,4TH WEDNESDAY,TU&TH 5:30-7:30PM; FRI 12-3PM,
HUNTERDON COUNTY,1015,HOLLAND TWP MUNICIPAL COURT,ONE MUNICIPALE DR FLEMINGTON NJ 08822,908-782-8818,9088066478,CHARLES E. CARRO,BIANCA WATKINS,,MON-FRI 8:30AM-4:30PM,
MONMOUTH,1318,HOLMDEL TWP MUNICIPAL COURT,4 CRAWFORDS CORNER HOLMDEL NJ 07733,732-946-2820,7329469505,JAMES F. WEBER,KATHRYNE BRADACH,WEDNESDAYS,9:00 AM - 4:30 PM,
SUSSEX,1912,HOPATCONG BORO MUNICIPAL COURT,111 RIVER STYX RD HOPATCONG NNJ 07843,973-770-1200,8629304096,GERARD SMITH,ERIN GEIGER,MONDAYS,9:00 AM - 4:00 PM,
MERCER,1105,HOPEWELL BORO MUNICIPAL COURT,88 EAST BROAD ST HOPEWELL NJ 08525,609-466-0968,6094668511,ERIC M PERKINS,SUSAN KEETH,,THURS 3:30PM - 5:00PM,
CUMBERLAND,607,HOPEWELL TWP MUNICIPAL COURT,1325 HWY 77 SEABROOK NJ 08302,856-455-8722,6097371022,LAUREN VAN EMBDEN,PATRICIA TURKALI,TUESDAY BEGINNING AT 09:00 AM,"M,T,W,T,F, 9AM - 4PM",
MONMOUTH,1319,HOWELL TWP MUNICIPAL COURT,300 OLD TAVERN RD HOWELL NJ 07731,732-938-4848,7329387054,SUSAN SCHROEDER CLARK,TRACEY SORRENTINO,WEDNESDAYS AND FRIDAYS,8:30 AM TO 4:30 PM,
HUDSON,990,HUDSON CO DISTRICT COURT,ADMINISTRATION BLDG JERSEY CITY NJ 07306,201-795-6050,2017956520,,JULIE O'CONNELL,,8:30AM - 4:30PM,
WARREN,2112,INDEPENDENCE MUNICIPAL COURT,286 RT. 46 GREAT MEADOW NJ 07838,908637-4124,9086378844,NICOLE LENAR,ANNE MARIE TRACY,2ND AND 4TH THURSDAY,MON - THUR 10:00AM - 12 NOON,
MONMOUTH,1320,INTERLAKEN BORO MUNICIPAL CT,190 NORWOOD AVE DEAL NJ 07723,732-531-1343,7325317099,SCOTT J BASEN,KRYSTLE REINER,4TH WEDNESDAYS EACH MONTH,8:30A - 4:30P,
ATLANTIC,123,INTERMUN (ESTELL MANOR),148 CUMBERLAND AVE ESTELL MANOR NJ 08319,609476-4338,6094764588,TIMOTHY MAGUIRE,ANTOINETTE TUMMON,,"WED 6PM-8PM, FRI 9AM-1PM",
OCEAN,1510,ISLAND HEIGHTS MUNICIPAL COURT,PO BOX 797 ISLAND HEIGHTS NJ 08732,732-270-6161,7322708586,DAMIEN G MURRAY,ELIZABETH BOETTGER,3RD MONDAY,MONDAY 6:00PM-8:00PM,
OCEAN,1511,JACKSON TWP MUNICIPAL COURT,102 JACKSON DRIVE JACKSON NJ 08527,732-928-1205,7329283276,DANIEL F. SAHIN,CAMILLE ELLUZZI,2ND AND 4TH TUESDAYS; THURSDAYS,9:00AM TO 4:00PM,
MIDDLESEX,1208,JAMESBURG BORO MUNICIPAL COURT,131 PERRINEVILLE RD JAMESBURG NJ 08831,732-521-2222,7325213455,EDWARD H HERMAN,CHRISTINE WARD,,MON - FRI 8:30AM TO 4:00PM,
MORRIS,1414,JEFFERSON TWP MUNICIPAL COURT,1033 WELDON RD LAKEHOPATCONG NJ 07849,973-208-6129,9736978090,PETER A FICO,ELIZABETH MERT,THURSDAYS,MON-FRI 9:00AM - 4:30PM,
HUNTERDON,1020,JOINT COURT DELAWARE VALLEY,ONE MUNICIPAL DRIVE FLEMINGTON NJ 08822,908-782-8818,9088066478,CHARLES E. CARRO,BIANCA WATKINS,,MON-FRI 8:30A - 4:30P,
MONMOUTH,1321,KEANSBURG MUNICIPAL COURT,29 CHURCH STREET KEANSBURG NJ 07734,732-787-0215,7327870197,NICOLE SONNENBLICK,SHARON M DEVANEY,THURSDAYS,MON - FRI 9:00AM - 4:00PM,
UNION,2008,KENILWORTH BOR MUNICIPAL COURT,567 BOULEVARD KENILWORTH NJ 07033,908-276-1104,9082767688,JONATHAN H. ROSENBLUTH,EILEEN KEATING,1ST THREE TUESDAYS OF EACH MONTH,8:30AM-4:30PM,
MONMOUTH,1322,KEYPORT BORO MUNICIPAL COURT,70 WEST FRONT STREET KEYPORT NJ 07735,732-739-5155,7327392133,FRANK J LAROCCA,SANDRA M. AKES,THREE TUESDAYS PER MONTH,MON - FRI 8:30AM - 4:00PM,
HUNTERDON,1016,KINGWOOD TWP MUNICIPAL COURT,599 OAK GROVE RD. FRENCHTOWN NJ 08825,908-996-0799,9089967753,FRANCESCO TADDEO,NANCY HORVATH,,TUES 5:00PM-7:30PM,
MORRIS,1415,KINNELON BORO MUNICIPAL COURT,130 KINNELON RD KINNELON NJ 07405,973-838-7644,9738389161,ANDREW M WUBBENHORST,DARA S. TANZOLA,2ND AND 4TH TUESDAYS,8:30AM - 4:00PM,
WARREN,2113,KNOWLTON TWP MUNICIPAL COURT,292 ALPHANO RD ALLAMUCHY NJ 07820,908-852-6667,9088520129,LOUIS P. MELLINGER,DAWN DECKER,1ST AND 3RD TUESDAY,MON - THURS 9:00AM - 2:00PM,
OCEAN,1512,LACEY TOWNSHIP MUNICIPAL COURT,818 WEST LACEY ROAD FORKED RIVER NJ 08731,609-693-1100,6096933894,"BENJAMIN H. MABIE, III",LISA TATHAM,COURT SESSIONS - HELD ON TUESDAY,8:30AM - 4:30PM,
MONMOUTH,1347,LAKE COMO MUNICIPAL COURT,601 MAIN STREET BELMAR NJ 07719,848-220-9620,7326814728,DENNIS LAVENDER,PATRICIA WHITE,NOV-APR: ONE TUES PER MO; MAY-OCT:1ST & 3RD TUES,MON - FRI 9:00AM - 4:30PM,
OCEAN,1513,LAKEHURST BORO MUNICIPAL COURT,1 COLONIAL DR. MANCHESTER NJ 08759,732-657-8121,7326572071,DANIEL F SAHIN,TRACY BARCUS,1ST AND 3RD IN MANCHESTER MUNICIPAL COURT,8:30-4PM M-F,
OCEAN,1514,LAKEWOOD MUNICIPAL COURT,231 THIRD ST LAKEWOOD NJ 08701,732-364-2500,7329013647,SCOTT J BASEN,SHEILA D. WILSON,MONDAYS AND THURSDAYS,9:00AM-4:00PM M-F,
HUNTERDON,1017,LAMBERTVILLE CITY COURT,25 SOUTH UNION ST LAMBERTVILLE NJ 8530,609-397-1335,6093975710,TADDEO,PATRICIA WOZNIAK,,10:00AM - 4:00PM,
CAMDEN,420,LAUREL SPRINGS MUNICIPAL COURT,105 KENNEDY BLVD SOMERDALE NJ 08083,856-783-0958,8564350420,CHARLES SHIMBERG,JACQUELYN VICARI,TUESDAYS,MON-THURS 9:00AM-5:00PM,
OCEAN,1515,LAVALLETTE MUNICIPAL COURT,1306 GRAND CNTRL AVE LAVALLETTE NJ 08735,732-830-1911,7328308248,ARNALDO V MAESTREY,ELIZABETH BOETTGER,"2ND TUESDAY; JULY,AUGUST,SEPT: 4TH TUESDAY",1:00PM - 4:00PM,
CAMDEN,421,LAWNSIDE BORO MUNICIPAL COURT,4 DR MARTIN LUTHER LAWNSIDE NJ 08045,856-573-6209,8565463232,DAVID GARNES,LISA ROBERTS,1ST & 3RD WEDNESDAY,9:00AM - 3:00PM M-F,
CUMBERLAND,608,LAWRENCE TWP MUNICIPAL COURT,1325 HWY 77 SEABROOK NJ 08302,856-455-8722,8564516489,LAUREN VAN EMBDEN,PATRICIA TURKALI,TUESDAY BEGINNING AT 09:00 AM,MON-FRI. 9AM TO 4PM,
MERCER,1107,LAWRENCE TWP MUNICIPAL COURT,2211 LAWERENCE RDLAWRENCEVILLE NJ 08648,609-844-7159,6098447156,LEWIS J. KORNGUT,NICOLE FINACCHIO,,8:00AM - 3:30PM,
HUNTERDON,1018,LEBANON BORO MUNICIPAL COURT,405 MINE RD ASBURY NJ 08802,908-735-4559,9087359406,ROBERT L ALEXANDER,DONNA SURDICH,2ND & 4TH TUESDAY,MON TO FRI 8:30AM - 3:30PM,
HUNTERDON,1019,LEBANON TWP MUNICIPAL COURT,1370 RTE 31 ANNANDALE NJ 08801,908-735-3730,9087353731,ERIC M PERKINS,"IMBERLY MARINO, CMCA",,MON-FRI 8:30A - 4:00P,
WARREN,2114,LIBERTY TWP MUNICIPAL COURT,691 WATER STREET BELVIDERE NJ 07823,908-475-5331,9086376916,NICOLE LENAR,DAWN DECKER,1ST AND 3RD THURSDAY,MON - FRI 9:00AM -4:30PM,
MORRIS,1416,LINCOLN PARK MUNICIPAL COURT,34 CHAPEL HILL RD LINCOLN PARK NJ 07035,973-694-6100,9732702070,ANDREW M WUBBENHORST,ASHLEY OLSEN,1ST AND 3RD WEDNESDAYS; 4TH THURSDAY,MON-FRI 8:00AM - 4:00PM,
CAMDEN,422,LINDENWOLD MUNICIPAL COURT,2001 EGG HARBOR EOAD LINDENWOLD NJ 08021,856-344-5538,8567832841,N. RYAN TRABOSH,KATHLEEN BUCHHOFER CMCA,1ST & 3RD WEDNESDAY,9:00AM - 4:00PM,
ATLANTIC,114,LINWOOD CITY MUNICIPAL COURT,5905 MAIN STREET MAYS LANDING NJ 08330,609-909-5999,6099095992,TIMOTHY P MAGUIRE,ANTOINETTE TUMMON,MONDAY-FRIDAY,M-F 9:00AM - 4:00PM,
OCEAN,1516,LITTLE EGG HARBOR MUNICIPAL CO,665 RADIO ROAD LITTLE EGG HARB NJH 08087,609-296-7241,6092949065,DAMIAN G MURRAY,ALINA BERTRAM,2ND AND 3RD THURSDAYS,8:30 AM - 4:00 PM M-F,
MONMOUTH,1323,LITTLE SILVER BORO COURT,480 PROSPECT AVE LITTLE SILVER NJ 07739,732-842-3881,7328429271,JAMES E. BERUBE JR,JANICE SWAGGERTY,1ST AND 3RD THURSDAYS,8:00 AM - 3:30 PM,
MONMOUTH,1324,LOCH ARBOR VILLAGE COURT,190 NORWOOD AVE DEAL NJ 07723,732-531-1343,7324939521,SCOTT J BASEN,KRYSTLE REINER,2ND WEDNESDAY EACH MONTH,8:30 AM - 4:30 PM,
GLOUCESTER,809,LOGAN TWP MUNICIPAL COURT,P.O. BOX 314 BRIDGEPORT NJ 08014,856-467-3425,8564671061,SHELIA ELLINGTON,LORI L ZANE,"1ST, 3RD & 4TH WEDNESDAY",M-F 8:30AM - 4:00PM,
OCEAN,1517,LONG BEACH TWP MUNICIPAL COURT,6805 LONG BEACH BLVD BRANT BEACH NJ 08008,609-361-1000,6094944999,DAMIAN G. MURRAY,MAUREEN DANIELS,JAN-DEC: 1ST WEDNESDAY; JUL-SEPT: 3RD WEDNESDAY,9:00AM - 3:30 PM M-F,
MONMOUTH,1325,LONG BRANCH MUNICIPAL COURT,279 BROADWAY LONG BRANCH NJ 07740,732-571-6500,732571.0106,LUANNE PETERPAUL,LINDSAY MEEHAN,TUESDAYS AND WEDNESDAYS,8:00AM TO 3:00PM,
MORRIS,1430,LONG HILL TWP MUNICIPAL COURT,915 VALLEY RD GILLETTE NJ 07933,908-647-8369,9086474012,JAMES D BRIDE,ANN NAYLOR,THURSDAYS,"M/T/TH 8:30-4:30 W 6:30,F 2:30",
ATLANTIC,115,LONGPORT BORO MUNICIPAL COURT,9001 WINCHESTER AVE MARGATE NJ 08402,609-822-1998,6098223249,JOHN H ROSENBERGER,MAUREEN E LARKIN,WINTER: 2ND/4TH MONDAY JULY-SEPTEMBER: MONDAYS,MON - FRI 9:00AM - 3:30PM,
WARREN,2115,LOPATCONG TWP MUNICIPAL COURT,232 S. THIRD STREET PHILIPSBURG NJ 08865,908-859-3355,9082131037,PADRAIG P. FLANAGAN,KRISTIN GLINKO,COURT SESSIONS HELD 1ST & 3RD TUESDAYS AT 12:00 PM,8:00 - 4:00,
ALEM,1704,LOWER ALLOWAYS CREEK COURT,PO BOX 188 HANCOCKS BRIDGE NJ 08038,856-935-1957,8569355638,NICHOLAS T LACOVARA,DEBRA A. SCOTT,2ND MONDAY,MON 1:30P-4:30P FRI 12:30-3:30,
CAPE MAY,505,LOWER TWP MUNICIPAL COURT,401 BREAKWATER ROAD ERMA NJ 08204,609-886-6040,6098866636,"THOMAS D KEYWOOD, JMC",SARAH VAN SEETERS,TUESDAY,MON - FRI 8:30AM - 4:30PM,
BURLINGTON,318,LYNDHURST TWP MUNICIPAL COURT,MUNICIPAL BUILDING LYNDHURST NJ 07071,609-267-3389,2019352581,WILLIAM E. SITZLER,SARAH GRAUBART,"2ND, 3RD, & 4TH TUESDAY",8:00 AM - 4:00 PM M-F,
BERGEN,232,LYNDHURST TWP MUNICIPAL COURT,MUNICIPAL BUILDING  LYNDHURST NJ 07071,201-804-2457,,GEORGE O SAVINO,KIM BOLTON,EVERY TUESDAY,9:00 AM - 4:00 PM,
MORRIS,1417,MADISON JOINT MUNICIPAL COURT,50 KINGS ROAD MADISON NJ 07940,973-593-3026,9735933029,JONATHAN ROSENBLUTH,DAWN ALLGEIER,1ST AND 3RD WEDNESDAYS,8:00AM - 4:00PM,
CAMDEN,423,MAGNOLIA BORO MUNICIPAL COURT,438 W. EVESHAM AVE MAGNOLIA NJ 08049,856-939-5252,8567820782,KRISDEN M MCCRINK,CATHERINE LAWSON,2ND & 4TH TUESDAY,MON-FRI 9AM-4PM,
BERGEN,233,MAHWAH TWP MUNICIPAL COURT,475 CORPORATE DRIVE MAHWAH NJ 07430,201-529-2862,2015292054,RICHARD J BRADY JMC,MICHELE ODONOHUE,EVERY TUESDAY,MON-FRI 8:00AM-4:00PM,
MONMOUTH,1326,MANALAPAN TWP MUNICIPAL COURT,120 RT 522 MANALAPAN NJ 07726,732-446-6656,7324462504,JAMES NEWMAN / N.SONNENBLICK,DANIELLA M TRANCHO,MONDAYS,8:30AM TO 4:00PM,
MONMOUTH,1327,MANASQUAN BORO MUNICIPAL COURT,201 EAST MAIN ST. MANASQUAN NJ 08736,732-223-0600,7322231300,PAUL J. CAPOTORTO,MARIE HIGGINS,TWO WEDNESDAYS PER MONTH,8:30 AM - 4:00 PM,
OCEAN,1518,MANCHESTER TWP MUNICIPAL COURT,1 COLONIAL DRIVE MANCHESTER NJ 08759,732-657-8121,7326572071,DANIEL F SAHIN,TRACY BARCUS,3RD THURSDAY,8:30AM - 4:00PM M-F,
SALEM,1706,MANNINGTON TWP MUNICIPAL COURT,25 WEST AVE WOODSTOWN NJ 08098,856-769-2424,8567693307,MARTIN WHITCRAFT,BARBARA GARO. .O,,"M,TU 9AM-3PM W,TH,F 9AM-2PM",
WARREN,2116,MANSFIELD TWP MUNICIPAL COURT,100 PORT MURRAY ROAD PORT MURRAY NJ 07865,908-689-7066,9086899004,"CHARLES E CARRO,JMC",IRENE BROWNELL,1ST AND 3RD TUESDAY,MON - FRI 8AM -4PM,
BURLINGTON,319,MANSFIELD TWP. MUNICIPAL CT,3135 ROUTE 206 SOUTH COLUMBUS NJ 08022,609-298-0542,6092983926,R.DOUGLAS HOFFMAN,"SUZANNE MORALES ,",THURSDAY,9:00AM - 4:00PM M-F,
OCEAN,1519,MANTOLOKING MUNICIPAL COURT,PO BOX 247 MANTOLOKING NJ 08738,732-475-7398,7328306344,JAMES J GLUCK,ELIZABETH BOETTGER,3RD THURSDAY,WED 4:30PM - 6:00PM,
GLOUCESTER,810,MANTUA JOINT MUNICIPAL COURT,397 MAIN STREET MANTUA NJ 08051,856-468-3078,8564683823,KELLY A CONROY,SARAH POWELL,"1ST, 2ND & 3RD MONDAY/THURSDAY",MON-FRI 8:30AM - 4:00PM,
SOMERSET,1811,MANVILLE BORO MUNICIPAL COURT,379 SOUTH BRANCH RD HILLSBOROUGH NJ 08844,908-369-3532,9083694401,FRANCESCO TADDEO,SUSAN KEETH,MONDAYS,MON-FRI 8:00AM - 4:00PM,
BURLINGTON,320,MAPLE SHADE TWP MUN COURT,200 STILES AVE MAPLE SHADE NJ 08052,856-779-9610,8567792524,COREY E AHART,LISA GONTESKI,2ND & 4TH MONDAYS,2ND & 4TH MONDAYS,
ESSEX,999,MARGATE MUNICIPAL COURT,9001 WINCHESTER AVE MARGATE NJ 08402,609-822-1998,6098228316,JOHN H ROSENBERGER,MAUREEN E. LARKIN,WINTER: 2ND/4TH MONDAY JULY-SEPTEMBER: MONDAYS,9:00AM - 4:00PM M-F,9:00AM - 4:00PM M-F
ATLANTIC,116,MARGATE MUNICIPAL COURT,9001 WINCHESTER AVE MARGATE NJ 08402,609-822-1998,,JOHN H ROSENBERGER,,MAUREEN E. LARKIN,WINTER: 2ND/4TH MONDAY JULY-SEPTEMBER: MONDAYS,
MONMOUTH,1328,MARLBORO TWP MUNICIPAL COURT,1979 TOWNSHIP DRIVE MARLBORO NJ 07746,732-536-0300,7325910608,JAMES M NEWMAN,KRISTY MEYERS,"THURSDAYS: 9AM, 10AM & 11AM - MAINLY VIRTUAL",9:00AM - 4:00PM (M-TH),
MONMOUTH,1329,MATAWAN BORO MUNICIPAL COURT,1 ABERDEEN SQUARE ABERDEEN NJ 07747,732-583-4200,7325834105,"MICHAEL G CELLI,JR",MICHELE WIECZORECK,EVERY WEDNESDAY,MON-FRI 8:30AM - 4:00 PM,
CUMBERLAND,609,MAURICE RIVER MUNICIPAL COURT,736 EAST LANDIS AVE VINELAND NJ 08360,856-794-4214,8564054619,DEMETRICA TODD,RACHELE M. D'IPPOLITO,1ST & 4TH MONDAYS,9:00AM - 3:00PM,
BERGEN,234,MAYWOOD BORO MUNICIPAL COURT,1 JOCKISH SQUARE PARAMUS NJ 07652,201-265-2100,2012656428,FRANCIS A CIAMBRONE,CYNTHIA A. HOLMES,"1ST, 2ND, 3RD TUESDAY  PARAMUS",M-F 9:00AM - 4:00PM,
BURLINGTON,322,MEDFORD LAKES MUNICIPAL COURT,1 CABIN CIRCLE MEDFORD LAKES NJ 08055,609-654-7589,6096547432,PETER C LANGE JR,LENA CREER,1ST MONDAY,M.W 8:30-4:30P T&TH 11:30-4:30,
BURLINGTON,321,MEDFORD TWP MUNICIPAL COURT,91 UNION STREET MEDFORD NJ 08055,609-654-8813,6099534087,PETER C LANGE JR,JAN SIMONETTI,THURSDAYS 10 AM VIRTUAL,8:00 AM - 4:00 PM,
MORRIS,1418,MENDHAM BORO MUNICIPAL COURT,43 SCHOOLEYS MOUNTAI LONG VALLEY NJ 07853,908-876-3852,9088760058,FRANK P LEANZA,JAN SIMONETTI,THURSDAYS 10 AM VIRTUAL,8:00 AM - 4:00 PM,
MORRIS,1419,MENDHAM TWP MUNICIPAL COURT,1 PARKER ROAD CHESTER NJ 07930,908-879-5100,9088798281,GLENN T. GAVAN,INGRID OCONNOR,1ST AND 3RD THURSDAYS,9:00 AM - 4:00 PM,
CAMDEN,424,MERCHANTVILLE BORO COURT,1 WEST MAPLE AVE MERCHANTVILLE NJ 08109,856-662-7560,8566622602,BRIAN K. HERMAN,MAUREEN F FINNEGAN,WEDNESDAYS,8:30AM - 3:30PM,
MIDDLESEX,1210,METUCHEN MUNICIPAL COURT,500 MAIN STREET METUCHEN NJ 08840,732-632-8505,7326328540,JAMES P. HOEBICH,WAHJIRA WILLIAMS-FISHER,,8:00 AM - 4:00 PM,
CAPE MAY,506,MIDDLE TWP MUNICIPAL COURT,2 SOUTH BOYD STREET CAPE MAY CT HSE NJ 08210,609-465-8729,6094654015,THOMAS D. KEYWOOD,DEBORAH BECKER,THURSDAY,MON-FRI 8:30AM - 3:30PM,
MIDDLESEX,1211,MIDDLESEX BORO MUNICIPAL COURT,1200 MOUNTAIN AVE MIDDLESEX NJ 08846,732-356-4644,7323565053,SPERO KALAMBAKAS,MERARI GAUD,,9:00 AM - 4:00 PM,
MONMOUTH,1331,MIDDLETOWN TWP MUNICIPAL COURT,1 KINGS HWY TWP HALL MIDDLETOWN NJ 07748,732-615-2036,7326152122,JAMES E BERUBE,KATE CHIEFFO,1ST & 3RD MONDAYS; EVERY THURSDAY,8:00 AM - 4:00 PM,
BERGEN,235,MIDLAND PARK BORO MUNICIPAL CT,280 GODWIN AVE MIDLAND PARK NJ 07432,551-600-8299,5516008296,RICHARD J BRADY,ALLISON BLAU,1ST & 3RD WEDNESDAY,MON-FRI 8:00AM - 4:00PM,
SALEM,1715,MID-SALEM COUNTY MUNICIPAL CT,5 WEST AVE WOODSTOWN NJ 08098,856-769-2424,8569356557,MARTIN WHITCRAFT,BARBARA GARO. .O,2ND AND 4TH THURSDAYS,"M,TU 9A-3:30P, W-T-F 9A-2P",
SOMERSET,1812,MILLSTONE BORO MUNICIPAL COURT,495 DEMOTT LANE SOMERSET NJ 08873,732-873-7285,,MAUREEN VELLA,KEILA MARTINE,MONDAYS AND WEDNESDAYS,MON-FRI 9:00AM - 4:00PM,
MONMOUTH,1332,MILLSTONE TWP MUNICIPAL COURT,215 MILLSTONE RD MILLSTONE TWP NJ 08535,732-446-6219,7324464853,NICOLE SONNENBLICK,SONIA FERNANDE,TWO MONDAYS PER MONTH,9:00AM - 4:00PM,
MIDDLESEX,1212,MILLTOWN BORO MUNICIPAL COURT,39 WASHINGTON AVE MILLTOWN NJ 08850,732-247-3936,7328286318,CHRISTINE M. HEITMANN,DIONE M. LONGUILLO,,8:30AM - 4:30PM,
CUMBERLAND,610,MILLVILLE MUNICIPAL COURT,18 S HIGH ST MILLVILLE NJ 08332,856-825-7000,6465588656,JASON D. WITCHER,KIMBERLY HAMLYN,MONDAY & WEDNESDAY,MON-FRI 8:30AM - 4:30PM,
MORRIS,1420,MINE HILL TWP MUNICIPAL COURT,65 MT. HOPE RD. ROCKAWAY NJ 07866,973-627-9000,9736564000,GERARD F SMITH,RICHARD BOULINEAU,WEDNESDAYS,8:30AM - 4:30PM,
MONMOUTH,1333,MONMOUTH BEACH MUNICIPAL COURT,556 TINTON AVENUE TINTON FALLS NJ 07724,732-542-3400,7325421289,MICHAEL SHUHALA,STACY A KITSON,,"M,W,THU,FRI 8:30-4:30,TUE 8-4",
GLOUCESTER,811,MONROE TOWNSHIP M.C,125 VIRGINIA AVE. WILLIAMSTOWN NJ 08094,856-728-9800,8562428168,NICHOLAS T. LACOVARA,"CARRIE L PAPPAS, CMCA","1ST, 2ND, 4TH TUESDAY; 1ST THURSDAY",8:30AM - 4:00PM M-F,
MIDDLESEX,1213,MONROE TWP MUNICIPAL COURT,1 MUNICIPAL PLAZA MONROE TWP NJ 08831,732-521-4020,,JOSEPH LOMBARDI,DONNA LINKE,,8:30 AM - 4:30 PM,
SUSSEX,1914,MONTAGUE TWP MUNICIPAL COURT,151 US HIGHWAY 206 AUGUSTA NJ 07822,973-948-4045,9732937467,JAMES G DEVINE,SUZANNE OAKLEY,,9:00AM - 4:00PM,
SOMERSET,1813,MONTGOMERY TWP MUNICIPAL COURT,379 SOUTH BRANCH RD HILLSBOROUGH NJ 08844,908-369-3532,,FRANCESCO TADDEO,SUSAN KEETH,MONDAYS AND TUESDAYS,8:00 AM - 4:00 PM,
MORRIS,1421,MONTVILLE TWP MUNICIPAL COURT,"360 ROUTE 202, STE 2 MONTVILLE NJ 07045",973-335-1022,9733358941,JOSEPH E. DEMING,MARIA BEVACQUA,TUESDAYS,9:00AM - 4:00PM,
BERGEN,237,MOONACHIE BORO MUNICIPAL COURT,TEMPORARY LOCATION TETERBORO NJ 07608,201-641-5589,2012886205,PHILIP N BOGGIA,BRITTANY DE OLIVEIRA,3RD WEDNESDAY  TETERBOR,MON-FRI 8:30AM - 3:30PM,
BURLINGTON,323,MOORESTOWN TWP MUNICIPAL COURT,1245 N.CHURCH ST MOORESTOWN NJ 08057,856-235-0922,8569143067,LOIS F DOWNEY,KAREN MASTRANGELO,COURT HELD IN CINNAMINSON WEDNESDAYS,CRT SESSIONS HELD-CINNAMINSON,
MORRIS COUNTY,1423,MORRIS PLAINS MUNICIPAL COURT,531 SPEEDWELL AVE MORRIS PLAINS NJ 07950,973-538-4019,9735380325,MICHAEL A CARLUCCI,SARAH THORNBERRY,TUESDAYS,MON - FRI 9:00AM - 4:00PM,
MORRIS,1422,MORRIS TWP MUNICIPAL COURT,50 KINGS ROAD MADISON NJ 07940,973-593-3026,9735933029,JONATHAN ROSENBLUTH,DAWN ALLGEIER,2ND AND 4TH WEDNESDAYS,8:00AM - 4:00PM,
MORRIS,1424,MORRISTOWN MUNICIPAL COURT,PO BOX 150 MORRISTOWN NJ 07963,973-292-6687,9732926748,WILLIAM PINILIS,HEATHER PROKOP,MONDAYS;1ST TUESDAYS; 1ST & 3RD WED; 2ND & 4TH THURS,8:30 AM - 4:30 PM,
MORRIS,1425,MOUNTAIN LAKES MUNICIPAL COURT,1 SAINT MARY'S PLACE DENVILLE NJ 07834,973-625-8300,9736250241,GERARD F SMITH,ERIN GEIGER,THURSDAYS 9 AM,8:00AM - 4:00PM,
MORRIS,1426,MT ARLINGTON MUNICIPAL COURT,419 HOWARD BOULEVARD MT. ARLINGTON NJ 07856,973-398-6832,9733982309,GERARD F SMITH,ANN MARIE BELL,TUESDAYS,CALL COURT,
CAMDEN,425,MT EPHRAIM BORO COURT,500 WHITE HORSE PIKE OAKLYN NJ 08107,856-858-0074,8568589552,KRISDEN MCCRINK,DAWN ABATE-HIRST,,"MON-TH 8A-4PM, FRI 8AM-12PM",
BURLINGTON,324,MT HOLLY MUNICIPAL COURT,23 WASHINGTON STREET MT HOLLY NJ 08060,609-845-1122,,WILLIAM SITZLER,SHERRI GROVES,MONDAYS,9:00AM-4:00PM M-THURS,
BURLINGTON,325,MT LAUREL MUNICIPAL COURT,100 MOUNT LAUREL RD MT LAUREL NJ 08054,856-234-0001,8562341172,"COREY E AHART, JMC",ALLISON N GASIOROWSKI,"1ST, 2ND, 3RD, & 4TH TUESDAY; 2ND & 4TH WEDNESDAY",8:00 AM - 4:00PM M-F,
MORRIS,1427,MT OLIVE TWP MUNICIPAL COURT,204 FLANDERS-DRAKEST BUDD LAKE NJ 07828,973-691-0900,9733470860,BRIAN J LEVINE,MARY SHERMAN,MONDAYS,9:00 AM - 4:00 PM,
ATLANTIC,117,MULLICA TWP MUNICIPAL COURT,100 CENTRAL AVENUE HAMMONTON NJ 08037,609-567-4322,6095675090,FRANK RASO,CRYSTAL CZERWINSKI,TUESDAYS,MON - FRI 9:00AM - 4:30PM,
GLOUCESTER,812,NATIONAL PARK BORO MUN COURT,397 MAIN STREET MANTUA NJ 08051,856-468-3078,8564683823,KELLY CONROY,SARAH POWELL,,8:30A-4P M-F,
MONMOUTH,1335,NEPTUNE CITY MUNICIPAL COURT,106 W SYLVANIA AVE NEPTUNE CITY NJ 07753,732-775-1690,7327767842,PAUL J. CAPOTORTO,KELLY HELLWIG,1ST & 3RD WEDNESDAYS,8:30AM - 4:00PM,
MONMOUTH,1334,NEPTUNE TWP MUNICIPAL COURT,25 NEPTUNE BLVD NEPTUNE NJ 07753,732-988-5200,7329885234,ROBIN T WERNIK,URSULA POSTELL,,9:00 AM - 3:30PM,
MORRIS,1428,NETCONG BORO MUNICIPAL COURT,204 FLANDERS-DRAKEST BUDD LAKE NJ 07828,973-691-0900,9733470860,BRIAN J LEVINE,MARY SHERMAN,MONDAYS,MON - FRI 9:00 AM - 4:00 PM,
MIDDLESEX,1214,NEW BRUNSWICK MUNICIPAL COURT,25 KIRKPATRICK ST NEW BRUNSWICK NJ 08903,732-745-5089,7327455180,JAMES P HOEBICH,KIMBERLY A MILLIGAN,,0830 AM - 0400 PM,
BURLINGTON,326,NEW HANOVER MUNICIPAL COURT,2 HOCKAMICK RD COOKSTOWN NJ 08511,609-758-7172,6097582160,"R. DOUGLAS HOFFMAN, JMC",THERESA NICHOLS,4TH WEDNESDAY,7:30AM - 5:00PM M-TH,
UNION,2011,NEW PROVIDENCE MUNICIPAL COURT,360 ELKWOOD AVENUE NEW PROVIDENCE NJ 07974,908-665-1454,,JOHN DEMASSI,MACRINA CARRA,WEDNESDAYS (TWICE PER MONTH),08:30 AM - 03:00 PM,
GLOUCESTER,813,NEWFIELD BORO MUNICIPAL COURT,1571 DELSEA DRIVE FRANKLINVILLE NJ 08322,856-694-1661,8566942192,JOHN J ARMANO JR,TRACEY A. BLEDA,2ND TUESDAY,MON-FRI 8:00AM - 3:30PM,
SUSSEX,1915,NEWTON TOWN MUNICIPAL COURT,39 TRINITY ST NEWTON NJ 07860,973-383-3521,9733830465,JAMES P SLOAN,KATHERINE QUINN,TUESDAYS,8:30 AM - 4:00 PM,
MIDDLESEX,1215,NORTH BRUNSWICK COURT,710 HERMANN RD NO BRUNSWICK NJ 08902,732-247-0922,,CHRISTINE M HEITMANN,KIM MOLNAR,,M-F 8:30AM - 3:45PM,
ESSEX,715,NORTH CALDWELL MUNICIPAL COURT,141 GOULD AVENUE NO CALDWELL NJ 07006,973-228-6420,9732285195,JOSEPH C. ANGELO,ASHLEY MCMILLION,2ND & 4TH THURSDAYS  5PM,9:00AM - 4:00PM,
PASSAIC,1606,NORTH HALEDON MUNICIPAL COURT,103 OVERLOOK AVE NORTH HALEDON NJ 07508,973-423-0232,9734277793,JOHN F MEOLA,SUSAN INTURRISI,"MONDAYS, EXCEPT 2ND MONDAY OF MONTH",MON - FRI 9:00AM - 3:00PM,
BURLINGTON,327,NORTH HALEDON MUNICIPAL COURT,41 SCHOOLHOUSE RD JACOBSTOWN NJ 08562,609-758-2522,6094616100,LEWIS KORNGUT,RITA R WILLIAMS,2ND & 4TH MONDAY,8:30AM - 4:30PM,
HUNTERDON,1006,NORTH HUNTERDON MUNICIPAL CT,1370 ROUTE 31 NORTH ANNANDALE NJ 08801,908-735-3730,9087353731,ERIC PERKINS,"KIMBERLY MARINO, CMCA ,",,MON-FRI 9:00AM - 4:00PM,
SOMERSET,1814,NORTH PLAINFIELD MUNICIPAL CT,263 SOMERSET ST NO PLAINFIELD NJ 07060,908-769-2265,9087692266,BRIAN J LEVINE,JODI MACK,THURSDAYS,"COURT @ 840 SOMERSET,WATCHUNG",
WARREN,2111,NORTH WARREN MUNICIPAL COURT,PO BOX 134 HOPE NJ 07844,908-459-5800,9083628840,CHARLES CARRO,KAYLEIGH KEGGAN CA,1ST (3) THURSDAYS,TUES - THURS 9:00AM - 3:00PM,
CAPE MAY,507,NORTH WILDWOOD MUNICIPAL COURT,901 ATLANTIC AVE NORTH WILDWOOD NJ 08260,609-729-3818,6097296392,"LOUIS J. BELASCO, JR",ANGELA DERITIS,2ND/3RD/4TH TUESDAY,09:00 AM TO 04:00 PM,
ATLANTIC,118,NORTHFIELD MUNICIPAL COURT,5905 MAIN STREET MAYS LANDING NJ 08330,609-909-5999,6099095992,TIMOTHY P MAGUIRE,ANTOINETTE TUMMON,MONDAY-FRIDAY,9:00AM - 4:00PM M-F,
BERGEN,240,NORTHVALE BORO MUNICIPAL COURT,116 PARIS AVE NORTHVALE NJ 07647,201-767-3330,2017676621,ROGER A HAUSER,CLARE M. CABIBBO,ND & 4TH MONDAY,M-W-FRI 1:30PM-4:30PM,
BERGEN,241,NORWOOD BORO MUNICIPAL COURT,455 BROADWAY NORWOOD NJ 07648,201-767-7207,2017677200,ROBERT TRAVERS,LINDSAY VOLPITTA,1ST & 3RD WEDNESDAY,CALL FOR OFFICE HOURS,
BERGEN,242,OAKLAND BORO MUNICIPAL COURT,10 LAWLOR DRIVE OAKLAND NJ 07436,201-337-8140,2013374662,THOMAS A. BUONOCORE,DAWN M. BARON,1ST/3RD THURSDAY,9:00 AM - 4:00 PM,
CAPE MAY,508,OCEAN CITY MUNICIPAL COURT,821 CENTRAL AVE OCEAN CITY NJ 08226,609-525-9386,6093996111,RICHARD A RUSSELL,JULIETTE COLE,TUESDAY/THURSDAY,8:45AM - 4:30PM M-F,
OCEAN,1521,OCEAN GATE MUNICIPAL COURT,801 OCEAN GATE AVE OCEAN GATE NJ 08740,732-269-3166,6099719551,STACEY KERR,JESSIE CAMPOREALE,3RD WEDNESDAY,TUES/WED 4:30-6:30,
MONMOUTH,1337,OCEAN TOWNSHIP MUNICIPAL COURT,399 MONMOUTH RD OAKHURST NJ 07755,732-531-5005,7325315420,TIMOTHY F MCGOUGHRAN,GLORIA M WALKER,,830 AM - 430 PM,
OCEAN,1520,OCEAN TWP MUNICIPAL COURT,50 RAILROAD AVENUE WARETOWN NJ 08758,09-693-3332,6099719551,PHILIP M MILLER,STEVEN MILLETTE,1ST AND 3RD TUESDAY,8:30AM - 4:30PM,
MONMOUTH,1338,OCEANPORT BORO MUNICIPAL COURT,910 OCEANPORT WAY OCEANPORT NJ 07757,732-222-8222,7322228221,JOHN A PATTI,CAROL A SMITH,,"M,T,TH,FRI 830-430,WED 830-330",
SUSSEX,1916,OGDENSBURG BORO MUNICIPAL CT,65 MAIN STREET SPARTA NJ 07871,973-729-3501,9737264480,GLENN T GAVAN,BONNIE MESSINA,3RD TUESDAY,MON - FRI 8:30 AM - 4:30 PM,
MIDDLESEX,1209,OLD BRIDGE TWP MUNICIPAL CT,ONE OLD BRIDGE PLAZA OLD BRIDGE NJ 08857,732-721-5600,,JAMES F WEBER,SUSAN BRUCHE,,8:30AM - 4:00PM,
BERGEN,243,OLD TAPPAN BORO MUNICIPAL CT,227 OLD TAPPAN RD OLD TAPPAN NJ 07675,201-664-1849,2016640331,WARREN F CLARK,"LAUREL CARNA A ,",1ST TUESDAY,TUES & WED 1:00PM - 4:00PM,
SALEM,1707,OLDMANS TWP MUNICIPAL COURT,25 WEST AVE WOODSTOWN NJ 08098,856-769-2424,8567692424,MARTIN WHITCRAFT,BARBARA GARO. .O,,"M,TU 9A-3:30P, W-T-F 9A-2P",
BERGEN,244,ORADELL BORO MUNICIPAL COURT,ONE JOCKISH SQUARE PARAMUS NJ 07652,201-265-2100,2012656428,HON.R CONTE,CYNTHIA A HOLMES,2ND & 4TH THURSDAY @ PARAMUS,MON - FRI 9:00AM - 4:00PM,
ESSEX,717,ORANGE CITY MUNICIPAL COURT,29 PARK STREET ORANGE NJ 07050,973-952-6315,8627665294,MICHAEL HACKETT,TINA DHANWA,"MONDAY, TUESDAY, THURSDAY",9AM - 4PM,
WARREN,2117,OXFORD TWP MUNICIPAL COURT,100 PORT MURRAY RD PORT MURRAY NJ 07865,908-689-7066,9086899004,"CHARLES E CARRO, JMC",IRENE BROWNELL,2ND AND 4TH TUESDAY,8:00AM - 4:00PM,
BERGEN,245,PALISADES PARK MUNICIPAL COURT,275 BROAD AVENUE PALISADES PARK NJ 07650,201-585-4115,2019446129,JOSEPH J ROTOLO,SERINA M RUBERTO,"1ST, 2ND & 3RD THURSDAY",MON - FRI 9:00AM - 4:00PM,
BURLINGTON,328,PALMYRA BORO MUNICIPAL COURT,20 WEST BROAD PALMYRA NJ 08065,856-829-1763,8568290645,COREY E AHART,TRACEY MCGILL,2ND & 4TH THURSDAY,MON - FRI 9:00AM-4:00PM,
BERGEN,246,PARAMUS BORO MUNICIPAL COURT,JOCKISH SQUARE PARAMUS NJ 07652,201-265-2100,2012656428,HON.J MECCA JR/HON.A GALLINA,CYNTHIA A HOLMES,EVERY MONDAY AND WEDNESDAY,M - F 9:00AM - 4:00PM,
BERGEN,247,PARK RIDGE BORO MUNICIPAL CT,12 MERCEDES DRIVE MONTVALE NJ 07645,201-391-5701,2013916239,HARRY D NORTON JR,CATHERINE CULLEN,,MON - FRI 8:30AM - 4:30PM,
MORRIS,1429,PARSIPPANY TROY HILLS MUN CT,3333 RT 46 PARSIPPANY NJ 07054,973-263-4290,9734025641,ANTHONY J FRESE,ALVARO LEAL,TUESDAYS AND THURSDAYS,9:00AM - 4:00PM,
GLOUCESTER,814,PAULSBORO BORO MUNICIPAL COURT,1211 DELAWARE ST PAULSBORO NJ 08066,856-423-3888,8564234787,MARTIN WHITCRAFT,DESTINY JILES-DEBERRY,1ST & 3RD MONDAY,M - F 9:00AM - 2:00PM,
SOMERSET,1815,PEAPACK GLADSTONE MUNICIPAL CT,45 MILLER LANE BEDMINSTER NJ 07921,908-212-7020,9082127006,KATHERINE E HOWES,TERESA N. VAN ALLEN,,MON - FRI 9:00AM - 4:00PM,
BURLINGTON,329,PEMBERTON BORO MUNICIPAL COURT,50 EGBERT STREET PEMBERTON NJ 08068,609-894-8222,6098942378,KRISDEN M MCCRINK,CHRISTINA BOOTH,2ND & 4TH WEDNESDAY,MON - THR 8:30AM - 4:30PM,
BURLINGTON,330,PEMBERTON TWP MUNICIPAL COURT,500 PEMBERTON BROWNS PEMBERTON NJ 08068,609-894-3337,6098942378,CHARLES SHIMBERG,JACQUELINE GLEASON,MONDAYS (EXCEPT HOLIDAYS) 2:00 PM,8:00 AM - 4:30 PM M-F,
MERCER,1108,PENNINGTON BORO MUNICIPAL CT,30 NORTH MAIN STREET PENNINGTON NJ 08534,609-737-1016,6097372014,ERIC M. PERKINS,"MARGARET UMBRO, CMCA",,T - T 5:30PM - 8:30PM,
SALEM,1708,PENNS GROVE MUNICIPAL COURT,1 STATE ST PENNS GROVE NJ 08069,856-299-0911,8562990975,JASON D WITCHER,SHARON O'BRIEN BYE,2 TO 3 FRIDAYS PER MONTH,MON-FRI 9:00AM-3:00PM,
CAMDEN,427,PENNSAUKEN MUNICIPAL COURT,2400 BETHEL AVE PENNSAUKEN NJ 08109,856-663-1403,8566658127,RIAN K HERMAN,MEAGAN PEREZ (ACTING),TUESDAYS,9:00 AM TO 4:00 PM M-F,
SALEM,1705,PENNSVILLE TWP MUNICIPAL COURT,303 HARDING HWY CARNEYS POINT NJ 08069,856-299-1013,8562998926,JASON WITCHER,ANNMARIE BROWN,,MON - FRI 8:30AM - 4:00PM,
MORRIS,1431,PEQUANNOCK TWP MUNICIPAL COURT,530 TPKE POMPTON PLAINS NJ 07444,,9738350435,JOHN A PAPARAZZO,SHELLY GALLAGHER,MONDAYS,8:30AM TO 4:30PM,
MIDDLESEX,1216,PERTH AMBOY MUNICIPAL COURT,361 NEW BRUNSWICK AV PERTH AMBOY NJ 08861,732-442-6011,,KENNETH L GONZALEZ,SOLENNY PENA,,:00 AM - 5:00 PM,
WARREN,2119,PHILLIPSBURG MUNICIPAL COURT,1001 EAST BLVD. ALPHA NJ 08865,908-454-3211,9084540088,GERARD SHAMEY,LAURI KAULIUS,WEDNESDAYS,COURT HELD WEDNESDAY 11:00AM,
SALEM,1709,PILESGROVE JOINT MUNICIPAL CT,180 ROUTE 40 PILESGROVE NJ 08098,856-769-1275,8567698483,NICHOLAS T LACOVARA,DEBRA SCOTT,2ND AND 4TH WEDNESDAYS,M&TH 9AM-1PM TU&W 9AM-3PM,
OCEAN,1522,PINE BEACH BORO MUNICIPAL CT,599 PENNSYLVANIA AVE PINE BEACH NJ 08741,732-349-6453,7322400533,"STACEY D KERR, J.M.C.","LESLEY K. KIRCHGESSNER, CMCA",1ST WEDNESDAY,WEDNESDAY / 5:30 - 7:30 PM,
CAMDEN,428,PINE HILL BORO MUNICIPAL COURT,105 KENNEDY BLVD. SOMERDALE NJ 08083,856-783-0958,8564350420,CHARLES SHIMBERG,JACKIE VICARI,"1ST, 2ND, 3RD TUESDAY",9:00AM - 5:00PM MON-THU,
CAMDEN,429,PINE VALLEY MUNICIPAL COURT,1 CLUB ROAD CLEMENTON NJ 08021,609-767-5400,8567830284,CRAIG S LARSEN,LOUISE STAGLIANO,,CALL COURT,
MIDDLESEX,1217,PISCATAWAY TWP MUNICIPAL COURT,555 SIDNEY RD PISCATAWAY NJ 08854,732-562-2330,7325622386,JAMES P HOEBICH,VANESSA COLON,,9:00AM - 4:00PM,
GLOUCESTER,999999,PITMAN BORO MUNICIPAL COURT,397 MAIN STREET MANTUA NJ 08051,856-468-3078,8564683823,KELLY A CONROY,SARAH POWELL,,MON - FRI 8:30AM - 4:00PM,
GLOUCESTER,1710,PITTSGROVE TOWNSHIP M C,1325 HIGHWAY #77SEABROOK NJ 08302,856-455-8722,8564511379,LAUREN VAN EMBDEN,PATRICIA TURKALI,TUESDAY BEGINNING AT 09:00 AM,9:00AM - 4:00PM M-F,
MIDDLESEX,1218,PLAINSBORO TWP MUNICIPAL COURT,641 PLAINSBORO RD PLAINSBORO NJ 08536,609-799-0863,6099361441,EDWARD H. HERMAN,DANIELLE TANZI,,8:45 AM TO 4:15 PM,
ATLANTIC,119,PLEASANTVILLE MUNICIPAL COURT,18 NORTH FIRST ST PLEASANTVILLE NJ 08232,609-484-3663,6095691032,RICHARD T FAUNTLEROY,CYNTHIA DOUGHTY,MONDAY &7 THURSDAYS,8:00AM - 3:30PM M-F,
WARREN,2120,PLUMSTED TWP MUNICIPAL,121 EVERGREEN ROAD NEW EGYPT NJ 08533,609-758-2241,6097580123,DAMIAN G MURRAY,SANDRA BRODBECK,2ND WEDNESDAY,WED 5:30-7PM,
OCEAN,1523,PLUMSTED TWP MUNICIPAL COURT,121 EVERGREEN ROAD NEW EGYPT NJ 08533,609-758-2241,6097580123,LOUIS P MELLINGER,CYNDI C LEHR,1ST (3) THURSDAYS,MON - FRI 9:00AM - 4:30PM,
OCEAN,1525,POINT PLEASANT BEACH MUN CT,416 NEW JERSEY AVE. PT PLEASANT BCH NJ 08742,732-892-1118,7328920767,ROBERT M. LEPORE,TRACEY MCCRYSTAL,,9:00 AM TO 3:30 PM,
OCEAN,1524,POINT PLEASANT BORO MUN CT,PO BOX 25 PT PLEASANT NJ 08742,732-899-1636,7328927351,PHILIP MILLER,ROBERT MICHALKOWSKI,"1ST,2ND,3RD MONDAY",MON - FRI 9:00AM -3:30PM,
ATLANTIC,120,PORT REPUBLIC MUNICIPAL COURT,5905 MAIN STREET MAYS LANDING NJ 08330,609-909-5999,6099095992,TIMOTHY P MAGUIRE,ANTOINETTE TUMMON,MONDAY-FRIDAY,"MON 4PM-6PM, WED 3:30PM-6PM",
MERCER,1109,PRINCETON BORO MUNICIPAL COURT,400 WITHERSPOON ST PRINCETON NJ 08540,609-924-5042,6099244141,JOHN F MCCARTHY III,SUSAN F SHAPIRO,,9:00AM - 4:00PM,
MERCER,1110,PRINCETON MUNICIPAL COURT,400 WITHERSPOON ST. PRINCETON TWP NJ 08540,609-924-5042,6099244141,JOHN F MCCARTHY III,SUSAN SHAPIRO,,9:00 AM TO 4:00 PM,
SALEM,1711,QUINTON TWP MUNICIPAL COURT,25 WEST AVENUE WOODSTOWN NJ 08098,856-769-2424,8567693307,MARTIN WHITCRAFT,BARBARA GAROZZO,,"M,TU 9A-3:30P,W-T-F 9A-2P",
MORRIS,1432,RANDOLPH TWP MUNICIPAL COURT,502 MILLBROOK AVE RANDOLPH NJ 07869,973-989-7055,9739897076,IRA A. COHEN,CHRISTINE HOPLER,WEDNESDAYS,830AM - 430PM,
SOMERSET,1816,RARITAN BORO MUNICIPAL COURT,22 FIRST ST RARITAN NJ 08869,908-231-1303,9088066478,KATHERINE E HOWES,LINDA LELLA,2ND AND 4TH MONDAYS,8:30 AM - 4:00 PM,
HUNTERDON,1021,RARITAN TWP MUNICIPAL COURT,ONE MUNICIPAL DRIVE FLEMINGTON NJ 08822,908-782-8818,9088066478,CHARLES E. CARRO,BIANCA WATKINS,,MON-FRI 8:30AM - 4:30PM,
HUNTERDON,1022,READINGTON TWP MUNICIPAL COURT,509 RT 523 WHITEHOUSE ST NJ 08889,908-534-2414,9085345909,GERARD J SHAMEY,JULIE KOSAKOWSKI,,MON - FRI 8:30 AM - 4:30 PM,
MONMOUTH,1340,RED BANK BORO MUNICIPAL COURT,90 MONMOUTH STREET RED BANK NJ 07701,732-530-2716,7325307186,FRANK LAROCCA,CATHLEEN GERBER,,MON - FRI 8:00AM - 4:00PM,
BERGEN,250,RIDGEFIELD PK VILLAGE,234 MAIN STREET RIDGEFIELD PK NJ 07660,201-641-4950,2016411248,THOMAS QUIRICO,EUNKYONG LEE,EVERY WEDNESDAY,9:00 AM - 4:30 PM,
MORRIS,1433,RIVERDALE BORO MUNICIPAL COURT,91 NEWARK POMPTON TP RIVERDALE NJ 07457,973-835-1013,9738355287,JOHN A PAPARAZZO,ELIANNA KIESLING,TUESDAYS,MON - FRI 9:00AM 4:30PM,
BURLINGTON,331,RIVERSIDE TWP MUNICIPAL COURT,PO BOX 188 RIVERSIDE NJ 08075,856-461-8820,8564615878,COREY AHART,SHERRYL ALLEN,TUESDAYS,MON - FRI 9:00AM - 3:00PM,
BURLINGTON,332,RIVERTON BORO MUNICIPAL COURT,1621 RIVERTON RD CINNAMINSON NJ 08077,856-829-4027,8568292893,COREY E AHART,DANA ALDRICH,"MONDAYS, 2ND THURSDAY",8:30AM - 4:00PM,
MERCER,1112,ROBBINSVILLE TWP MUNICIPAL CT,1117 RTE 130 ROBBINSVILLE NJ 08691,609-259-3522,6092082563,R. DOUGLAS HOFFMAN,CAROL GAYNOR,,8:30AM-4:00PM,
MORRIS,1434,ROCKAWAY BORO MUNICIPAL COURT,3339 RT. 46E PARSIPPANY NJ 07054,973-263-4290,8623975700,ANTHONY J FRESE,ALVARO LEAL,TUESDAYS AND THURSDAYS,9:00AM TO 4:00PM,
MORRIS,1435,ROCKAWAY TWP MUNICIPAL COURT,65 MT HOPE RD ROCKAWAY NJ 07866,973-627-9000,9736275998,GERARD F SMITH,RICHARD BOULINEAU,WEDNESDAYS,8:30AM - 4:30PM,
BERGEN,255,ROCKLEIGH BORO MUNICIPAL COURT,16 PARIS AVENUE NORTHVALE NJ 07647,201-767-3330,2077676621,ROGER A. HAUSER,CLARE M. CABIBBO,2ND & 4TH MON @ NORTHVALE,MON - FRI 1:30PM-4:30PM,
SOMERSET,1817,ROCKY HILL BORO MUNICIPAL CT,PO BOX 212 ROCKY HILL NJ 08553,609-924-7943,6099242274,ERIC M PERKINS,NANCY HORVATH,2ND WEDNESDAY,WED 3:30PM-6:00PM CRT 2ND WED.,
MONMOUTH,1341,ROOSEVELT BORO MUNICIPAL COURT,215 MILLSTONE RD MILLSTONE TWP NJ 08535,732-446-6219,7324464853,NICOLE SONNENBLICK,SONIA FERNANDEZ,TWO MONDAYS PER MONTH,8:30AM - 4:00PM,
MORRIS,1436,ROXBURY TWP MUNICIPAL COURT,1715 ROUTE #46W LEDGEWOOD NJ 07852,973-448-2034,9734482107,IRA A COHEN,SHANNON GEDDIS,THURSDAYS,9:00AM - 4:00PM,
MONMOUTH,1342,RUMSON BORO MUNICIPAL COURT,MEMORIAL BORO HALL RUMSON NJ 07760,732-530-7131,7325307150,"NICOLE SONNENBLICK, JMC",MICHELE SMALLZE,,MON - FRI 8:30 AM - 4:30 PM,
BERGEN,256,RUTHERFORD MUNICIPAL COURT,176 PARK AVE RUTHERFORD NJ 07070,201-460-3030,2014603032,JOSEPH ARIYAN,JILLIAN ANDREWS,EVERY TUESDAY,8:30 AM - 4:30 PM,
BERGEN,258,SADDLE RIVER MUNICIPAL COURT,100 E. ALLENDALE RD SADDLE RIVER NJ 07458,201-327-2132,2013270168,"HARRY STYLIANOU, JMC",JANINE BENDIX,1ST & 3RD TUESDAY,8:30AM - 12:30PM,
SALEM,1712,SALEM CITY MUNICIPAL COURT,129 WEST BROADWAY SALEM NJ 08079,856-935-1734,8569350319,DEMETRICA TODD JMC,TIERRA JENNINGS,1ST AND 3RD TUESDAYS,"MON-THUR 9AM-4PM,CLOSED FRI",
SUSSEX,1917,SANDYSTON TWP MUNICIPAL COURT,RTE 560 - BOX 21 LAYTON NJ 07851,201-948-4089,,MARTIN J BRADY,FRANCES REIHER,,MON - FRI 3:00PM - 6:00PM,
MIDDLESEX,1219,SAYREVILLE MUNICIPAL COURT,1000 MAIN STREET SAYREVILLE NJ 08872,732-525-5446,7325259245,JAMES F. WEBER,SHERYL MASSARO,,8:00 AM - 4:00 PM,
MONMOUTH,1343,SEA BRIGHT BORO MUNICIPAL CT,910 OCEANPORT WAY OCEANPORT NJ 07757,732-222-6517,7328420099,NICOLE L. SONNENBLICK,CAROL A SMITH,,MON - FRI 8:30AM - 4:30PM,
MONMOUTH,1344,SEA GIRT BORO MUNICIPAL COURT,2700 ALLAIRE RD WALL NJ 07719,732-449-4666,7324498996,PAUL CAPOTORTO,AMANDA PRINZO,,8:00AM-4:00PM,
CAPE MAY,509,SEA ISLE CITY MUNICIPAL COURT,"233 JFK BLVD,3RD FLR SEA ISLE CITY NJ 08243",609-263-6101,6093455800,VINCENT J. MORRISON,LISA MASON,THURSDAYS,9:00AM - 4:00PM,
OCEAN,1526,SEASIDE HGTS MUNICIPAL COURT,116 SHERMAN AVE SEASIDE HEIGHTS NJ 08751,732-830-2202,7328306458,DANIEL SAHIN,PATTI GENANDER,2 TO 3 TUESDAYS PER MONTH,8:30AM - 4:30PM MON - FRI,
OCEAN,1527,SEASIDE PARK BORO MUNICIPAL CT,1 MUNICIPAL PLAZA SEASIDE PARK NJ 08752,732-793-5116,,JAMES J GLUCK,ELIZABETH BOETTGER,"1ST THURSDAY, 3RD THUR MAY, JUNE, JULY, SEPT",8:00AM - 4:00PM,
BURLINGTON,333,SHAMONG TWP MUNICIPAL COURT,1 CABIN CIRCLE DR MEDFORD LAKES NJ 08055,609-654-7589,6096547432,PETER C LANGE JR,LENA CREER,1ST MONDAY,"M,W 8:30-4:30,T,TH 11:30-4:30",
CUMBERLAND,611,SHILOH TOWNSHIP COURT,1325 HIGHWAY 77 SEABROOK NJ 08302,856-455-8722,8564511379,MARTIN W. WHITCRAFT,PATRICIA ADAMS,,MON- FRI 8:30AM - 4:00PM,
OCEAN,1528,SHIP BOTTOM MUNICIPAL COURT,1621 LONG BEACH BL SHIP BOTTOM NJ 08008,609-494-2171,6098489229,DANIEL SAHIN,KAREN M GARCIA,2ND MONDAY,9:00AM - 4:00PM M-F,
MONMOUTH,1345,SHREWSBURY BORO MUNI COURT,419 SYCAMORE AVE. SHREWSBURY NJ 07702,732-842-2868,7328423208,JAMES E BERUBE JR,MEGAN THOMAS,,8:00 AM TO 4:00 PM,
MONMOUTH,1346,SHREWSBURY TWP MUNICIPAL COURT,90 MONMOUTH ST RED BANK NJ 07701,732-530-2716,7325307186,FRANK LAROCCA,CATHLEEN GERBER,,MON-THURS 8:00AM - 6:00PM,
CAMDEN,431,SOMERDALE BORO MUNICIPAL COURT,105 KENNEDY BLVD SOMERDALE NJ 08083,856-783-0958,8567849377,CHARLES SHIMBERG,JACQUELYN VICARI,"1ST, 3RD, & 4TH TUESDAY",MON-THURS 9:00AM-5:00PM,
ATLANTIC,121,SOMERS POINT CITY MUNICIPAL CT,1 W NEW JERSEY AVE SOMERS POINT NJ 08244,609-927-9088,6099276814,HOWARD E FREED,MARGARET M. WISMER,TUESDAYS,9:00 AM TO 5:00 PM M-F,
SOMERSET,1818,SOMERVILLE MUNICIPAL COURT,100 COMMONS WAY BRIDGEWATER NJ 08807,908-725-6375,9086852777,KATHERINE E. HOWES,JENNI R PETERSON,1ST AND 3RD WEDNESDAYS,MON - FRI 8:30AM - 4:00PM,
MIDDLESEX,1220,SOUTH AMBOY MUNICIPAL COURT,140 NORTH BROADWAY SOUTH AMBOY NJ 08879,732-525-5929,,JAMES F WEBER,SUSAN A PIZZILLO,,8:00 AM - 4:00 PM,
SOMERSET,1819,SOUTH BOUND BROOK MUNICIPAL CT,12 MAIN STREET S BOUND BROOK NJ 08880,732-356-0258,7328938522,MICHAEL FEDUN,GENOVEVA CASTANEDA,1ST AND 3RD WEDNESDAYS,CT HELD-230 HAMILTON-BND-BRK,
MIDDLESEX,1221,SOUTH BRUNSWICK TWP COURT,540 RIDGE RD MONMOUTH JCT NJ 08852,732-823-3963,7322741523,MICHAEL V DOWGIN,KATHRYN AMIDON COFFEY,,9:00 AM - 4:00 PM,
BERGEN,259,SOUTH HACKENSACK MUNICIPAL CT,227 PHILLIPS AVE SO HACKENSACK NJ 07606,201-440-1844,2014406017,GIUSEPPE C RANDAZZO,DIANE BRANDO,2ND & 4TH THURSDAY,9:00AM - 4:00PM,
GLOUCESTER,816,SOUTH HARRISON MUNICIPAL COURT,120 VILLAGE GREEN DR WOOLWICH NJ 08085,856-467-1555,8564673545,KELLY A. CONROY,ANGELA KALNAS,,MON-FRI 8:30AM - 4:30PM,
ESSEX,719,SOUTH ORANGE MUNICIPAL COURT,1618 SPRINGFIELD AVE MAPLEWOOD NJ 07040,973-762-2839,,CLARENCE BARRY-AUSTIN,RYAN X BANCROFT,MONDAY & TUESDAY,9:00AM - 4:00PM,
MIDDLESEX,1222,SOUTH PLAINFIELD MUNICIPAL CT,2480 PLAINFIELD AVE SO PLAINFIELD NJ 07080,908-226-7651,9087545628,PAUL R GARELICK,YOLANDA DIAZ,,8:00AM - 4:00PM,
MIDDLESEX,1223,SOUTH RIVER MUNICIPAL COURT,61 MAIN ST OUTH RIVER NJ 08882,732-257-1233,7326136100,TINA MARTINS-CRUZ,CASSANDRA GARRICK,,MON - FRI 9AM - 4PM,
OCEAN,1529,SOUTH TOMS RIVER MUNICIPAL CT,19 DOUBLE TROUBLE RD SO TOMS RIVER NJ 08757,732-349-1141,7322403304,"SCOTT J. BASEN, J.M.C","LESLEY KIRCHGESSNER,CMCA",4TH WEDNESDAY,M-THUR 5:00P-7:30P,
BURLINGTON,334,SOUTHAMPTON MUNICIPAL COURT,3135 RT 206S SUITE 2 COLUMBUS NJ 08022,,6092983926,R.DOUGLAS HOFFMAN,SUZANNE MORALES,THURSDAYS,09:00 A.M. TO 04:00 P.M,
SUSSEX,1918,SPARTA TWP MUNICIPAL COURT,65 MAIN ST SPARTA NJ 07871,973-729-3501,9737264480,PARIS P ELIADES,BONNIE MESSINA,MONDAYS (NOT LAST OF THE MONTH);THURSDAYS(NOT 1ST OF MO,8:30 AM - 4:30PM,
ESSEX,775,SPECIAL REMAND PART-NEWARK MCT,50 W MARKET STREET NEWARK NJ 07102,973-693-5856,9737629367,ANTHONY J FRASCA,NA,,CALL COURT,
MIDDLESEX,1224,SPOTSWOOD BORO MUNICIPAL COURT,77 SUMMERHILL ROAD SPOTSWOOD NJ 08884,732-416-1842,7327231924,EDWARD H. HERMAN,LORI A. KARTELIAS,,9:00 AM - 4:00 PM,
MONMOUTH,1349,SPRING LAKE HEIGHTS COURT,2700 ALLAIRE RD WALL TWP NJ 07719,732-449-4666,7329740762,COLIN QUINN,AMANDA PRINZO,,8:00AM - 4:00PM,
MONMOUTH,1348,SPRING LAKE MUNICIPAL COURT,601 MAIN ST BELMAR NJ 07719,848-220-9620,7324498797,COLIN C. QUINN,PATRICIA WHITE,3RD THURSDAY EACH MONTH,9:00AM - 4:30PM,
BURLINGTON,335,SPRINGFIELD TWP COURT,3135 ROUTE 206 SOUTH COLUMBUS NJ 08022,609-298-0542,6092983926,R.DOUGLAS HOFFMAN,SUZANNE MORALES,THURSDAYS,9:00 AM - 4:00 PM,
OCEAN,1530,STAFFORD TOWNSHIP MUNICIPAL CT,260 EAST BAY AVENUE MANAHAWKIN NJ 08050,609-597-1000,6095974911,MARK A SCHNEIDER,CAROL JENKINS,WEDNESDAYS,8:30 AM - 4:30 PM,
SUSSEX,1919,STANHOPE MUNICIPAL COURT,111 RIVER STYX RD HOPATCONG NJ 07843,973-770-1200,8629304096,GERARD SMITH,ERIN GEIGER,MONDAYS,9:00AM - 4:00PM,
SUSSEX,1920,STILLWATER TWP MUN COURT,888 ROUTE 23 WANTAGE NJ 07461,973-875-7310,9738758676,GLENN T GAVAN,DONNA CHERNOV,,,
HUNTERDON,1023,STOCKTON MUNICIPAL COURT,1070 HIWY 202 RINGOES NJ 08551,908-782-6855,9087821967,EDWARD R. MARTIN,JENNIFER BUDREWICZ,,MON-THURS 8:30AM - 3:00PM,
CAPE MAY,510,STONE HARBOR MUNICIPAL COURT,3100 DUNE DRIVE AVALON NJ 08202,609-368-2411,6093681629,ANDREW J. CAFIERO,WENDY TORRONI,MONDAYS,8:30 AM - 4:00 PM M-F,
CUMBERLAND,612,STOW CREEK TWP MUNICIPAL CT,1325 HWY 77 SEABROOK NJ 08302,856-455-8722,8564511379,LAUREN VAN EMBDEN,PATRICIA TURKALI,TUESDAY BEGINNING AT 09:00 AM,"MON. - FRI., 9AM - 4PM",
CAMDEN,432,STRATFORD BORO MUNICIPAL COURT,606 W. NICHOLSON RD AUDUBON NJ 08106,856-547-0712,8563100825,CHARLES SHIMBERG,JEAN PHILLIPS,"1ST, 3RD, & 4TH THURSDAY",MON-THU 9AM-5PM FRI 9AM-4PM,
UNION,2018,SUMMIT CITY MUNICIPAL COURT,360 ELKWOOD AVENUE NEW PROVIDENCE NJ 07974,908-273-6112,9086659272,JOHN DEMASSI,MACRINA CARRA,FIRST 3 WEDNESDAYS OF THE MONTH,MON - FRI 9:00AM - 4:00PM,
OCEAN,1531,SURF CITY BORO MUNICIPAL COURT,813 LONG BEACH BLVD SURF CITY NJ 08008,609-494-3984,6094943812,DAMIAN G. MURRAY,TRACEY FIGUEIRAS,1ST WEDNESDAY; NOVEMBER: 2ND WEDNESDAY,MON - FRI 9:00-4:30 PM,
SUSSEX,1921,SUSSEX BORO MUNICIPAL COURT,888 ROUTE 23 WANTAGE NJ 07461,973-875-7310,9738758676,GLENN T GAVAN,DONNA CHERNOV,,MON - THU 8:30AM-4:30PM,
GLOUCESTER,817,SWEDESBORO MUNICIPAL COURT,120 VILLAGE GREEN DR WOOLWICH TWP NJ 08085,856-467-1555,8564673545,KELLY A. CONROY,ANGELA M. KALNAS,,MON-FRI 8:30AM-4:30PM,
BURLINGTON,336,TABERNACLE TWP MUNICIPAL COURT,1 CABIN CIRCLE MEDFORD LAKES NJ 08088,609-654-7589,6096547432,PETER C LANGE JR,LENA CREER,2ND & 4TH MONDAY,8:30 - 4:30,
BERGEN,262,TETERBORO BORO MUNICIPAL COURT,510 ROUTE 46 WEST TETERBORO NJ 07608,201-288-6215,2012883203,JAMES F BRENNAN,BRITTANY DEOLIVERIA,3RD THURSDAY,MON - FRI 9:00AM - 3:00PM,
HUNTERDON,1024,TEWKSBURY MUNICIPAL COURT,60 WATER STREET LEBANON NJ 08833,908-832-7684,9088320211,EDWARD MARTIN,JULIE KOSAKOWSKI,,TUES 10AM-1PM WED 2:30PM-4:30P,
MONMOUTH,1336,TINTON FALLS MUNICIPAL COURT,556 TINTON AVENUE TINTON FALLS NJ 07724,732-542-3400,7325421289,SUSAN CLARK,STACY A KITSON,,"M,W,THU,FR 8:30-4:30,TUE 8-4",
OCEAN,1507,TOMS RIVER MUNICIPAL COURT,255 OAK AVENUE TOMS RIVER NJ 08753,732-797-3914,7323413074,JAMES GLUCK,KETURAH CORONATO,"MONDAYS; WEDNESDAYS: 1ST,2ND,3RD; 2ND THURS; 1ST FRIDAY",9:00 AM - 4:00 PM M-F,
HUNTERDON,1005,TOWN OF CLINTON MUNICIPAL CT,1370 ROUTE 31 NORTH ANNANDALE NJ 08801,908-735-3730,9087353731,ERIC M PERKINS,"KIMBERLY MARINO, CMCA",EVERY WEDNESDAY,MON - FRI 9:00AM - 4:00PM,
MERCER,1106,TOWNSHIP OF HOPEWELL MUN COURT,201 WASHINGTON CRSG TITUSVILLE NJ 08560,609-737-1035,6098180991,ROGER T HALEY,MARGARET E. UMBRO,,9:00AM - 4:00PM,
BERGEN,266,TOWNSHIP OF WASHINGTON MUN CT,350 HUDSON AVENUE WASHINGTON TWP NJ 07676,201-664-2488,2013367002,ANTHONY GALLINA,JANINE BENDIX,3RD THURSDAY,MON-FRI 1:30-4:30,
MERCER,1111,TRENTON MUNICIPAL COURT,225 N CLINTON AVE TRENTON NJ 08607,609-989-3700,6099894275,MARC A MCKITHEN,SENECA C BAKER,,8:30AM - 4:30PM,
OCEAN,1532,TUCKERTON BORO MUNICIPAL COURT,420 E MAIN ST TUCKERTON NJ 08087,609-296-2036,6092969307,DAMIAN G MURRAY,KATIE LANGE,2ND THURSDAYS,COURT HELD: 420 E.MAIN STREET,
ATLANTIC,112,TWP OF HAMILTON REGIONAL MC,5905 MAIN ST MAYS LANDING NJ 08330,609-909-5999,6099095992,TIMOTHY P MAGUIRE,ANTOINETTE TUMMON,MONDAY-FRIDAY,9:00AM-5:00PM M-F,
MONMOUTH,1350,UNION BEACH MUNICIPAL COURT,650 POOLE AVE UNION BEACH NJ 07735,732-264-9098,7322645098,MICHAEL D PUGLIESE,SHARON M DEVANEY,,MON - FRI 9:00AM - 4:30PM,
HUNTERDON,1025,UNION TWP MUNICIPAL COURT,1370 RTE 31 NORTH ANNANDALE NJ 08801,908-735-3730,9087353731,ERIC M PERKINS,"KIMBERLY MARINO, CMCA",,MON - FRI 9:00AM - 4:00PM,
MONMOUTH,1351,UPPER FREEHOLD MUNICIPAL COURT,314 RTE 539 CREAM RIDGE NJ 08514,609-758-0262,6097585630,PAUL J. CAPOTORTO,"KAREN SPICUZZA,CMCA",1ST & 3RD THURSDAY EACH MONTH,MON-THURS 8:30AM - 3:30PM,
SALEM,1714,UPPER PITTSGROVE MUNICIPAL CT,1180 ROUTE 40 PILESGROVE NJ 08098,856-769-1275,8567693222,NICHOLAS T LACOVARA,DEBRA A SCOTT,,M/TH 9A-1P T/W 9A-3P,
BERGEN,263,UPPER SADDLE RIVER MUN CT,376 W SADDLE RIVER UPP SADDLE RIVE NJ 07458,201-934-3972,2013272609,"HARRY D NORTON, JR",SHERRI D'ALESSANDRO,2ND & 4TH TUESDAY,8:30 AM - 4:00 PM,
CAPE MAY,511,UPPER TOWNSHIP MUNICIPAL COURT,P.O. BOX 414 TUCKAHOE NJ 08250,609-628-2015,6096282091,JAMES R. BIRCHMEIER,LOREN READY,WENDESDAYS,08:30 AM TO 04:00 PM,
ATLANTIC,122,VENTNOR CITY MUNICIPAL COURT,5905 MAIN STREET MAYS LANDING NJ 08330,609-909-5999,6099095992,TIMOTHY P MAGUIRE,ANTOINETTE TUMMON,MONDAY-FRIDAY,8:30AM - 4:00PM M-F,
SUSSEX,1922,VERNON TWP MUNICIPAL COURT,21 CHURCH STREET VERNON NJ 07462,973-764-4737,9737644761,JAMES DEVINE,LINDSAY PALMISANO,TUESDAYS,MON - FRI 8:30AM - 4:00PM,
ESSEX,720,VERONA TWP MUNICIPAL COURT,600 BLOOMFIELD AVE VERONA NJ 07044,973-857-4774,9738574792,JOHN A PAPARAZZO,ERIKA VARELA,"1ST, 2ND & 3RD WEDNESDAY",MON-FRI 8:30AM-3:30PM,
MORRIS,1437,VICTORY GARDENS MUN COURT,37 N. SUSSEX ST. DOVER NJ 07801,973-366-2200,9733286524,PHILIP MAENZA,SONIA BARRIA,MONDAYS,MON - FRI 8:30A - 4:00P,
CUMBERLAND,614,VINELAND CITY MUNICIPAL COURT,736 E. LANDIS AVE VINELAND CITY NJ 08362,856-794-4214,8564054619,DEMETRICA TODD,RACHELE D'IPPOLITO,"TUESDAY, WEDNESDAY, THURSDAY","M-T 8:45A-4P, F 8:45A-2:30P",
CAMDEN,434,VOORHEES TWP MUNICIPAL COURT,2400 VOORHEES CENTER VOORHEES NJ 08043,856-429-0770,8564294102,MICHAEL DIAMOND,LINDSAY CLARK,2ND & 4TH MONDAY,MON-FRI 8:30AM-4:30PM,
BERGEN,264,WALDWICK BORO MUNICIPAL COURT,63 FRANKLIN TURNPIKE WALDWICK NJ 07463,201-652-5300,2016524719,HELENE C HERBERT,CHRISTINE ORAVETZ,1ST & 3RD MONDAY,TUES-THURS9:00AM - 2:00PM,
MONMOUTH,1352,WALL TOWNSHIP MUNICIPAL CT,2700 ALLAIRE RD WALL NJ 07719,732-449-4666,7329740762,ROGER MCLAUGHLIN,AMANDA PRINZO,,8:00AM - 4:00PM,
BERGEN,265,WALLINGTON BORO MUNICIPAL CT,500 MADISON ST CARLSTADT NJ 07072,201-438-4306,2019394648,CASMIR SONDEY,ILONA DOVIAK,1ST & 3RD THURSDAY @ CARLSTADT,8:30 AM - 4:30 PM,
PASSAIC,1613,WANAQUE BORO MUNICIPAL COURT,579 RINGWOOD AVE WANAQUE NJ 07465,973-839-3000,9738394959,JAMES P. SIERADZKI,ZOE VELEZ,THURSDAYS,MON-FRI 9:00AM - 4:00PM,
SUSSEX,1924,WANTAGE/SUSSEX/STILLWATER CTS,888 ROUTE 23 WANTAGE NJ 07461,973-875-7310,9738758676,GLENN T GAVAN,DONNA CHERNOV,COURT SESSIONS HELD EVERY OTHER WEDNESDAY AT 9:30 AM,MON-FRI 8:30 AM-4:30PM,
SOMERSET,1820,WARREN TWP MUNICIPAL COURT,44 MOUNTAIN BLVD WARREN NJ 07059,908-753-1225,9087538000,FRANCESCO TADDEO,LISA REUTER,TUESDAYS,8:30 AM - 4:00 PM,
WARREN,2121,WASHINGTON BORO COURT,100 PORT MURRAY RD PORT MURRAY NJ 07865,908-689-7066,9086899004,"CHARLES E CARRO, JMC",IRENE BROWNELL,2ND AND 4TH TUESDAY,MON - FRI 8:00AM - 4:00PM,
BURLINGTON,337,WASHINGTON TWP MUNICIPAL COURT,PO BOX 214 NEW GRETNA NJ 08224,609-296-1410,6092960193,ADOLPH P SICHERI,PEGGY BECK,1ST & 3RD MONDAY,MON - FRI 9AM- 3PM,
MORRIS,1438,WASHINGTON TWP MUNICIPAL COURT,43 SCHOOLEYS MTN RD LONG VALLEY NJ 07853.,908-876-3852,9088765138,FRANK P LEANZA,JAN SIMONETTI,THURSDAYS 10 AM VIRTUAL,8:00 AM - 4:00 PM,
GLOUCESTER,818,WASHINGTON TWP MUNICIPAL CT,1 MCCLURE DRIVE SEWELL NJ 08080,856-589-0546,8565826917,MARTIN W WHITCRAFT,ALISSA MOSER,WEDNESDAYS,"M,TU,W,THU 8:00AM-4:30PM",
SOMERSET,1821,WATCHUNG BORO MUNICIPAL COURT,263 SOMERSET ST NO. PLAINFIELD NJ 07060,908-769-2265,9087692266,BRIAN J LEVINE,JODI MACK,2ND AND 4TH WEDNESDAYS,COURT HELD:840 SOMERSET ST,
CAMDEN,435,WATERFORD TWP MUNICIPAL COURT,2131 AUBURN AVENUE ATCO NJ 08004,856-768-2300,8567534336,MICHAEL A. DIAMOND,HEATHER N CAMPBELL,2ND & 4TH MONDAY,COURT@WATERFORDTWP.ORG,
GLOUCESTER,819,WENONAH BORO MUNICIPAL COURT,397 MAIN STREET MANTUA NJ 08051,856-468-3078,8564683823,KELLY A CONROY,SARAH POWELL,,MON-FRI 8:30AM - 4:00PM,
HUNTERDON,1026,WEST AMWELL MUNICIPAL COURT,150 ROCKTOWN LAMBERTVILLE NJ 08530,609-397-2027,,FRANCESCO TADDEO,PAMELA WILLIAMSON,,MON - FRI; 9:00 AM - 3:00PM,
ESSEX,721,WEST CALDWELL MUNICIPAL COURT,21 CLINTON RD WEST CALDWELL NJ 07006,973-226-3373,9732263373,STEVEN BACKFISCH,SYLVIA BECERRA-MURRAY,1ST & 3RD WEDNESDAY,8:30 AM - 4:30PM,
CAPE MAY,512,WEST CAPE MAY MUNICIPAL COURT,732 BROADWAY W CAPE MAY NJ 08204,609-884-1005,6098980888,MARIAN R RAGUSA,AMANDA I. MELENDEZ,1ST/3RD TUESDAY,MON - FRI 8:00AM - 3:00PM,
GLOUCESTER,820,WEST DEPTFORD JOINT MUN COURT,397 MAIN ST MANTUA NJ 08051,856-468-3078,8564683823,KELLY CONROY,SARAH POWELL,,8:30A-4P M-F,
MONMOUTH,1353,WEST LONG BRANCH MUNICIPAL CT,399 MONMOUTH ROAD OAKHURST NJ 07755,732-531-5005,7325315420,JOSEPH G HUGHES,GLORIA M WALKER,,MON-FRI 8:30AM - 4:30PM,
PASSAIC,1615,WEST MILFORD TWP COURT,1480 UNION VALLEY RD WEST MILFORD NJ 07480,973-728-2750,9737282704,DAVID M FERRANTE,MICHELE WALKER,THURSDAYS,8:30 AM - 4:30 PM,
CAPE MAY,513,WEST WILDWOOD BORO MUN. COURT,115 WEST DAVIS AVE WILDWOOD NJ 08260,609-522-4924,,ANDREW J CAFIERO,JENNIFER ROMEO CAMPANELLA,3RD WEDNESDAY,8:00AM - 4:00PM,
MERCER,1113,WEST WINDSOR MUNICIPAL COURT,271 CLARKSVILLE RD PRINCETON JCT NJ 08550,609-799-0915,6097997452,KENNETH W LOZIER,ALYSSA MANFREDI,,9:00 AM 4:00 PM,
BURLINGTON,338,WESTAMPTON TWP MUNICIPAL COURT,710 RANCOCAS RD WESTAMPTON NJ 08060,609-267-1895,6092671898,COREY E AHART,SUSAN GRAUBART,THURSDAYS,8:00AM-3:00PM M-F,
GLOUCESTER,821,WESTVILLE MUNICIPAL COURT,165 BROADWAY WESTVILLE NJ 08093,856-456-0066,8564561040,THOMAS M NORTH,KELLEY ANDERSEN,1ST & 4TH TUESDAY,9:00AM-5:30PM MON-THURS,
MORRIS,1439,WHARTON BORO MUNICIPAL COURT,419 HOWARD BOULEVARD MT. ARLINGTON NJ 07856,973-398-6832,9733982309,GERARD SMITH,ANN MARIE BELL,TUESDAYS,CALL COURT,
WARREN,2123,WHITE TWP MUNICIPAL COURT,PO BOX 134 HOPE NJ 07844,908-459-5800,9084599062,CHARLES E CARRO,KAYLEIGH KEGGAN CA,1ST (3) THURSDAYS,TUES - THURS 9:00AM - 3:00PM,
CAPE MAY,514,WILDWOOD CITY MUNICIPAL COURT,115 WEST DAVIS AVE WILDWOOD NJ 08260,609-522-4924,6095225383,ANDREW J CAFIERO,JENNIFER ROMEO CAMPANELLA,WEDNESDAYS,8:00AM-4:00PM M-F,
CAPE MAY,515,WILDWOOD CREST MUNICIPAL COURT,901 ATLANTIC AVE NORTH WILDWOOD NJ 08260,609-729-3818,6097296392,LOUIS J. BELASCO JR,ANGELA DERITIS,2ND/4TH TUESDAY,9AM - 4PM MON - FRI,
BURLINGTON,317,WILLINGBORO TWP COURT,1 REV.DR M.L.KING DR WILLINGBORO NJ 08046,609-877-2200,6098772200,HAROLD W GEORGE,LUISA DELEON-SAGLEMBENI,COURT SESSIONS HELD THURSDAY @ 9:00 AM AND 1:00 PM,MON-FRI 9:00AM - 4:00PM,
UNION,2021,WINFIELD TWP MUNICIPAL COURT,12 GULFSTREAM AVE WINFIELD NJ 07036,908-925-3937,9084862880,SUSAN M MACMULLAN,MARY JO BANCHANSKY (ACTING),ONCE PER MONTH ON A TUESDAY,MON - FRI 9:00AM - 4:00PM,
CAMDEN,436,WINSLOW TOWNSHIP MUNICIPAL CT,125 SO RT 73 BRADDOCK NJ 08037,609-567-0700,6095675269,GIUSEPPE C RANDAZZO,KRYSTYNA MOSKAL,"1ST, 2ND, 3RD, 4TH WEDNESDAY",MON - FRI 8:30-4:00 PM,
CAPE MAY,516,WOODBINE BORO MUNICIPAL COURT,2 SOUTH BOYD STREET CAPE MAY CRTHSE NJ 08210,609-465-8729,6094658729,THOMAS D KEYWOOD,DEBORAH BECKER,THURSDAY,MON-FRI 8:30AM - 3:30PM,
MIDDLESEX,1225,WOODBRIDGE MUNICIPAL,1 MAIN STREET WOODBRIDGE NJ 07095,732-636-6430,7328557991,KEVIN H MORSE,MADELINE ZURICK,,9:00AM - 4:00PM,
GLOUCESTER,822,WOODBURY CITY MUNICIPAL COURT,1011 COOPER STREET DEPTFORD NJ 08096,856-686-2230,8568456179,DEMETRICA TODD,SHANNON SAWYER,,MON - FRI 8:30AM - 4:30PM,
GLOUCESTER,823,WOODBURY HTS MUNICIPAL COURT,397 MAIN STREET MANTUA NJ 08051,856-468-3078,8564683823,KELLY A CONROY,SARAH POWELL,,MON-FRI 8:30AM - 4:00PM,
BERGEN,268,WOODCLIFF LAKE MUNICIPAL COURT,12 MERCEDES DRIVE MONTVALE NJ 07645,201-391-5701,2013916239,HARRY D NORTON JR,CATHERINE CULLEN,,MON - FRI 8:30AM - 4:30PM,
BURLINGTON,339,WOODLAND TWP MUNICIPAL COURT,1 CABIN CIRCLE MEDFORD LAKES NJ 08055,609-654-7589,6096547432,PETER C LANGE JR,LENA CREER,2ND & 4TH MONDAY,8:30 - 4:30,
CAMDEN,437,WOODLYNNE BORO MUNICIPAL COURT,200 COOPER AVE WOODLYNNE NJ 08107,856-962-8300,,NICHOLAS F. TRABOSH,LAVERN DAVIS,1ST & 3RD WEDNESDAY,8:00AM - 4:00PM M-F,
BERGEN,269,WOOD-RIDGE BORO MUNICIPAL CT,111 OUTWATER LANE GARFIELD NJ 07026,609-567-0700,2019391215,GIUSEPPE C RANDAZZO,KRYSTYNA MOSKAL,1ST & 3RD THURSDAY,MON - FRI 8:30-4:00 PM,
GLOUCESTER,824,WOOLWICH JOINT MUNICIPAL COURT,120 VILLAGE GREEN DR WOOLWICH NJ 08085,856-467-1555,8564673545,KELLY A. CONROY,ANGELA M. KALNAS,"JAN-OCT: 2ND & 4TH WEDNESDAY, NOV-DEC: 1ST & 3RD WED",MON-FRI 8:30AM TO 4:30PM,
BURLINGTON,340,WRIGHTSTOWN BORO MUNICIPAL CT,2 HOCKAMICK RD COOKSTOWN NJ 08511,609-758-7172,6097582160,"R. DOUGLAS HOFFMAN, JMC",THERESA NICHOLS,4TH WEDNESDAY,7:30AM TO 5:00PM M-TH,